,image,min,max,mean,median,std
0,Viral Pneumonia-770,0,201,139.35639422377827,150.0,43.01032193363591
1,Viral Pneumonia-1186,0,253,121.60941152783526,138.0,67.2299837705615
2,Viral Pneumonia-1192,0,255,92.91600765092113,101.0,53.9048582445785
3,Viral Pneumonia-764,0,210,130.47112448406617,146.0,54.5647340852154
4,Viral Pneumonia-994,0,206,131.08135255757765,147.0,53.91933987760876
5,Viral Pneumonia-980,0,255,102.11296294224897,99.0,45.066041923666624
6,Viral Pneumonia-758,0,236,134.2004339996197,142.0,51.189510279045265
7,Viral Pneumonia-1145,0,250,150.02633080166888,166.0,48.79487988380142
8,Viral Pneumonia-1151,0,255,164.82316752609032,182.0,52.809296076111934
9,Viral Pneumonia-957,0,252,109.09908166575318,117.0,63.919686797348994
10,Viral Pneumonia-1179,0,255,156.35291551548642,181.0,65.84390485812669
11,Viral Pneumonia-943,0,253,121.04357893088444,126.0,62.68974849310571
12,Viral Pneumonia-214,0,255,130.31656245455866,145.0,62.68004181408777
13,Viral Pneumonia-572,0,255,122.79312311942819,142.0,67.6871814532289
14,Viral Pneumonia-566,0,255,149.56679455487074,155.0,52.63898791161067
15,Viral Pneumonia-200,0,255,131.33492913949507,150.0,61.3500048219391
16,Viral Pneumonia-228,1,200,121.17748123622778,129.0,47.89485279032078
17,Viral Pneumonia-599,0,244,107.5505978680328,111.0,47.289456978933956
18,Viral Pneumonia-360,0,209,137.53668303486538,155.0,54.27354820730491
19,Viral Pneumonia-406,0,255,114.53210814196709,134.0,69.20307413692844
20,Viral Pneumonia-412,0,254,124.77387277547231,137.0,55.60808894859947
21,Viral Pneumonia-374,0,248,152.29296092884866,168.0,65.16775454879154
22,Viral Pneumonia-348,0,241,102.55166049596761,103.0,38.84698926016913
23,Viral Pneumonia-1233,0,254,130.07546895448596,136.0,63.55713210496939
24,Viral Pneumonia-15,0,187,77.19191060502679,68.0,36.523722242358424
25,Viral Pneumonia-1227,0,255,111.53268979094193,118.0,57.0320071899897
26,Viral Pneumonia-29,1,234,106.46646010671022,102.0,49.51929273097314
27,Viral Pneumonia-604,0,217,120.23118309638595,128.0,54.16020652371258
28,Viral Pneumonia-162,11,220,152.69040614758225,166.0,43.20410024702745
29,Viral Pneumonia-176,0,242,122.60793503428373,135.0,68.39641040252046
30,Viral Pneumonia-610,44,200,147.89297658862876,154.0,32.645971319699974
31,Viral Pneumonia-638,0,253,114.11313072560709,116.0,54.34426886180338
32,Viral Pneumonia-1031,0,255,141.48341741143835,162.0,73.02884037378583
33,Viral Pneumonia-1025,0,255,143.5945123656335,161.0,74.57480518897202
34,Viral Pneumonia-823,0,217,130.80830192056018,150.0,56.868041915660235
35,Viral Pneumonia-1019,0,255,113.34548830549994,132.0,69.59353551988836
36,Viral Pneumonia-189,0,243,121.21064641335109,131.0,60.78655675490281
37,Viral Pneumonia-837,0,216,118.34150624713371,134.0,66.94667638440485
38,Viral Pneumonia-188,0,255,130.56293553763382,142.0,65.10292434182405
39,Viral Pneumonia-1018,0,255,128.577588617577,140.0,61.06514886649068
40,Viral Pneumonia-836,0,255,132.11829845303743,153.0,71.75178665133387
41,Viral Pneumonia-822,0,204,119.48393194706995,137.0,61.839385401100586
42,Viral Pneumonia-1024,0,255,115.35760226395678,126.0,67.36096742469081
43,Viral Pneumonia-1030,0,255,125.83070659164886,143.0,77.70456661457098
44,Viral Pneumonia-639,0,252,101.54198498898222,94.0,52.58563330506947
45,Viral Pneumonia-177,0,252,109.0787798794197,116.0,63.4125485116882
46,Viral Pneumonia-611,0,251,82.08229214438317,77.0,34.412796013798356
47,Viral Pneumonia-605,0,214,135.6253397613002,154.0,52.56875356162605
48,Viral Pneumonia-163,0,196,88.17902484312256,69.0,49.847218363196355
49,Viral Pneumonia-28,0,255,115.92880392836769,126.0,61.75652561490184
50,Viral Pneumonia-14,4,204,112.46444670641267,112.0,52.42120658674977
51,Viral Pneumonia-1226,0,227,128.47746669500341,140.0,53.5425559960286
52,Viral Pneumonia-1232,0,239,107.08380219460632,114.0,60.02301007253808
53,Viral Pneumonia-349,0,226,106.99164438876522,106.0,43.43688032835457
54,Viral Pneumonia-413,0,255,104.75444346260109,117.0,59.513127956446304
55,Viral Pneumonia-375,0,255,160.09668795651055,170.0,44.81913784490868
56,Viral Pneumonia-361,3,206,113.76970056263353,110.0,50.26705110869293
57,Viral Pneumonia-407,0,255,124.6018612767195,144.0,69.40291336472256
58,Viral Pneumonia-598,4,219,146.62823682061722,159.0,43.99496367888854
59,Viral Pneumonia-229,0,252,110.0011856690641,126.0,63.79894345000602
60,Viral Pneumonia-567,0,255,108.70160289034798,126.0,73.53981987251137
61,Viral Pneumonia-201,4,213,155.10337691972126,167.0,45.52115008781855
62,Viral Pneumonia-215,0,255,93.00611849979306,102.0,59.660110777184215
63,Viral Pneumonia-573,0,253,131.59915437187504,145.0,63.73545797096068
64,Viral Pneumonia-942,0,255,115.25774879475621,125.0,51.91907746858789
65,Viral Pneumonia-956,0,255,109.47951365197257,119.0,49.89082999520074
66,Viral Pneumonia-1178,0,225,127.02167760987014,141.0,66.3532207357036
67,Viral Pneumonia-1150,0,255,117.64784510240378,134.0,74.80516858571816
68,Viral Pneumonia-1144,0,255,121.14354425565709,141.0,78.08191549244376
69,Viral Pneumonia-759,0,198,145.50657151486,157.0,43.893705975836504
70,Viral Pneumonia-981,50,202,144.33445934609233,148.0,32.88254010462222
71,Viral Pneumonia-995,0,255,120.33835192000089,126.0,51.667670695798684
72,Viral Pneumonia-1193,0,238,142.8513215735842,161.0,71.5604940239001
73,Viral Pneumonia-765,0,218,120.16009888032572,133.0,57.81234659449333
74,Viral Pneumonia-771,0,203,129.6464357221955,143.0,57.53083050421139
75,Viral Pneumonia-1187,0,252,156.46322748067695,170.0,57.451282027519184
76,Viral Pneumonia-767,0,216,92.4466616704511,102.0,56.35599850237061
77,Viral Pneumonia-1191,0,255,109.86261898636481,126.0,58.80461474073456
78,Viral Pneumonia-1185,0,246,126.6295343452534,138.0,59.3868907203135
79,Viral Pneumonia-773,0,195,113.73618863323676,120.0,49.64177454198357
80,Viral Pneumonia-983,0,249,117.23817406964127,126.0,54.570458285608304
81,Viral Pneumonia-997,0,236,118.23074685965481,122.0,55.332691488718815
82,Viral Pneumonia-1152,0,255,166.93845706423866,180.0,50.87669558680445
83,Viral Pneumonia-1146,0,255,156.3758459077639,175.0,70.6781281177325
84,Viral Pneumonia-968,0,234,117.1339806042438,119.0,41.38269054397297
85,Viral Pneumonia-798,0,255,137.9655261126833,155.0,66.70208437685598
86,Viral Pneumonia-940,0,243,115.31772575250837,120.0,65.45344622281321
87,Viral Pneumonia-954,3,221,140.49767899687922,159.0,56.171285521793585
88,Viral Pneumonia-203,0,180,104.05271753112382,113.0,42.16305554640465
89,Viral Pneumonia-565,0,230,126.86001275153522,142.0,56.611247432503106
90,Viral Pneumonia-571,0,255,119.25018735808324,143.0,73.22467442155938
91,Viral Pneumonia-217,0,223,128.04723660809162,140.0,61.559914786037154
92,Viral Pneumonia-559,0,255,150.96507869039496,163.0,52.63483065094889
93,Viral Pneumonia-1344,0,255,138.00390375946577,164.0,79.74282157000883
94,Viral Pneumonia-377,1,164,97.67188286484492,103.0,36.70248635876833
95,Viral Pneumonia-411,0,255,106.21725707766133,123.0,62.36483405101708
96,Viral Pneumonia-405,0,255,115.88059417679892,125.0,61.69454307883997
97,Viral Pneumonia-363,0,255,113.49788033690898,127.0,69.1658472715456
98,Viral Pneumonia-439,0,255,121.38187492309929,138.0,66.85638444528706
99,Viral Pneumonia-1224,0,254,98.96139864207335,96.0,61.308103071886514
100,Viral Pneumonia-16,0,246,123.796008993188,128.0,55.845641577701635
101,Viral Pneumonia-1230,0,221,114.42430174159125,124.0,55.885182390616734
102,Viral Pneumonia-388,4,166,85.9529423608237,81.0,34.17841673837558
103,Viral Pneumonia-1218,0,226,116.11561391930739,118.0,51.90902755488087
104,Viral Pneumonia-613,0,191,115.88317804051408,122.0,45.37336794495416
105,Viral Pneumonia-175,0,241,112.01342266865024,109.0,78.20195792380166
106,Viral Pneumonia-161,7,201,128.79921924810685,135.0,47.723125129590784
107,Viral Pneumonia-607,0,217,101.64059686133265,110.0,66.11689783009568
108,Viral Pneumonia-149,0,249,118.61956801378061,125.0,53.39480753000293
109,Viral Pneumonia-808,0,252,143.77378329101464,167.0,66.91820418140219
110,Viral Pneumonia-1026,0,255,152.09734790438586,167.0,61.2095088438022
111,Viral Pneumonia-1032,0,255,150.30056710775048,169.0,70.57059599069085
112,Viral Pneumonia-834,0,255,142.75164707329895,158.0,59.9048595269327
113,Viral Pneumonia-820,0,238,146.91172358251026,157.0,48.717904582795065
114,Viral Pneumonia-821,0,255,101.97276316819722,112.0,59.377658798065525
115,Viral Pneumonia-835,0,252,129.36950369682665,138.0,56.46592203615315
116,Viral Pneumonia-1033,0,255,126.48656055301394,145.0,65.09172698093046
117,Viral Pneumonia-809,0,255,118.41608035704299,133.0,67.54069060205221
118,Viral Pneumonia-1027,0,255,155.12477489066117,170.0,66.98695471217259
119,Viral Pneumonia-148,0,241,118.51987114238096,124.0,62.03869220520587
120,Viral Pneumonia-160,0,216,131.63196161116767,131.0,53.15657024173978
121,Viral Pneumonia-606,0,220,104.5398597331126,115.0,59.71218971258004
122,Viral Pneumonia-612,0,205,130.59482556123533,139.0,44.24741432967163
123,Viral Pneumonia-174,0,253,120.222335320634,122.0,56.95416186102386
124,Viral Pneumonia-1219,0,210,125.4055994899386,138.0,57.09842725637028
125,Viral Pneumonia-389,33,203,138.80754130267,146.0,39.47245726244124
126,Viral Pneumonia-1231,0,219,127.5469290052684,144.0,58.514833715950154
127,Viral Pneumonia-1225,0,239,98.07164349392065,98.0,60.453664608766864
128,Viral Pneumonia-17,0,215,104.7610093846825,91.0,51.162776826773
129,Viral Pneumonia-438,0,219,129.4185859218577,139.0,59.08989625661368
130,Viral Pneumonia-404,0,255,112.56613460699545,125.0,56.677919152809025
131,Viral Pneumonia-362,4,223,154.15874542790348,175.0,53.08748855195954
132,Viral Pneumonia-376,1,207,99.01191261842709,93.0,44.63026662000006
133,Viral Pneumonia-410,0,255,141.6692430733437,170.0,77.6600861170818
134,Viral Pneumonia-1345,0,255,131.05765036185278,152.0,74.13201940490005
135,Viral Pneumonia-558,0,255,95.93595149942395,106.0,60.55233954255402
136,Viral Pneumonia-570,0,255,145.27971722911377,162.0,62.13960457036255
137,Viral Pneumonia-216,0,255,134.2841131530967,147.0,57.389315898802735
138,Viral Pneumonia-202,12,218,144.41017438283689,161.0,47.675885114223185
139,Viral Pneumonia-564,0,194,113.22187671278844,119.0,58.655376404997185
140,Viral Pneumonia-955,5,210,149.39441393273006,166.0,48.54323093753778
141,Viral Pneumonia-941,0,255,129.65202850079976,138.0,57.615037193097216
142,Viral Pneumonia-799,0,255,146.94052639232223,160.0,54.87649518931493
143,Viral Pneumonia-1147,0,255,147.10361181642264,162.0,66.40600558793638
144,Viral Pneumonia-969,0,214,117.98517913669869,126.0,50.93704922852625
145,Viral Pneumonia-1153,0,255,138.16327557857295,152.0,69.77210854695298
146,Viral Pneumonia-996,0,255,120.85617610541269,126.0,58.98693891503444
147,Viral Pneumonia-982,37,198,138.10725830807263,139.0,31.071208012227515
148,Viral Pneumonia-1184,0,229,133.67951141486114,157.0,68.68120224621613
149,Viral Pneumonia-772,0,224,169.53953535195356,180.0,37.79914060687371
150,Viral Pneumonia-766,0,255,145.73375018176532,163.0,68.58515580323912
151,Viral Pneumonia-1190,0,215,126.99610742609143,150.0,65.58265730476974
152,Viral Pneumonia-986,0,255,132.50700775159115,142.0,46.51025730071891
153,Viral Pneumonia-992,0,237,135.11490922920325,160.0,60.901750149737786
154,Viral Pneumonia-1194,0,245,122.45387635485062,140.0,70.12666666159745
155,Viral Pneumonia-762,0,255,103.86034831825147,120.0,55.38420171035643
156,Viral Pneumonia-776,0,218,121.35279247435712,142.0,68.4821548890879
157,Viral Pneumonia-1180,0,255,135.83761926600374,149.0,48.891727078416636
158,Viral Pneumonia-945,0,255,108.190366998132,106.0,58.44940265963645
159,Viral Pneumonia-789,0,252,111.6987393877026,135.0,74.10259047074155
160,Viral Pneumonia-951,0,237,147.58018366684936,161.0,50.91915453520783
161,Viral Pneumonia-1157,0,255,109.75768727419157,132.0,66.91491543730088
162,Viral Pneumonia-979,1,181,127.31092493372557,135.0,36.32951117750365
163,Viral Pneumonia-1143,0,255,138.56064249840605,157.0,70.02989592423025
164,Viral Pneumonia-548,0,255,105.50989362535094,116.0,59.06943704340877
165,Viral Pneumonia-560,0,237,128.71216205635284,139.0,52.89468602845716
166,Viral Pneumonia-206,0,201,123.98162212950638,134.0,52.11053744630108
167,Viral Pneumonia-212,0,230,154.17327546671737,173.0,50.33665111344369
168,Viral Pneumonia-574,0,255,127.62315857764455,144.0,67.37048835029196
169,Viral Pneumonia-1341,0,255,143.13645261238688,158.0,79.48460128418472
170,Viral Pneumonia-428,14,205,136.8235366494782,154.0,50.5324704107395
171,Viral Pneumonia-414,0,255,130.82280958825964,144.0,60.88581668886769
172,Viral Pneumonia-372,0,255,105.48773503652085,112.0,60.57653000571536
173,Viral Pneumonia-366,0,253,146.2172123354325,151.0,51.265395222781585
174,Viral Pneumonia-400,0,255,137.2590686905068,153.0,74.44679048026583
175,Viral Pneumonia-1209,0,255,122.92237223297279,134.0,53.840919297624055
176,Viral Pneumonia-399,0,252,157.39141620339817,165.0,36.96188798231703
177,Viral Pneumonia-13,0,212,137.2322680954352,151.0,55.94167789133926
178,Viral Pneumonia-1221,0,251,111.25940425722307,125.0,60.62930450073464
179,Viral Pneumonia-1235,0,224,97.85063925459447,104.0,45.89961006055492
180,Viral Pneumonia-158,0,197,130.0988467690518,142.0,46.66596345494741
181,Viral Pneumonia-170,0,207,146.97284146709768,151.0,36.87456583378831
182,Viral Pneumonia-616,0,255,103.26165255422198,112.0,53.40621514908848
183,Viral Pneumonia-602,0,239,111.56522857686156,115.0,54.963696465039085
184,Viral Pneumonia-164,2,174,91.76747463674903,88.0,37.531071643615945
185,Viral Pneumonia-831,0,201,134.91042605787408,162.0,62.01855647022241
186,Viral Pneumonia-825,0,255,122.56607867920941,139.0,68.36738348934993
187,Viral Pneumonia-1023,0,255,138.4312927148466,149.0,65.85032838854077
188,Viral Pneumonia-819,0,217,127.36718828648449,144.0,57.1820308133239
189,Viral Pneumonia-1037,0,255,126.7528886701491,153.0,68.39547102861738
190,Viral Pneumonia-818,0,255,98.83674679254148,111.0,65.19196574267554
191,Viral Pneumonia-1036,0,255,91.28916902495497,92.0,63.052827780267684
192,Viral Pneumonia-1022,0,255,135.26279348105726,157.0,77.21817121083166
193,Viral Pneumonia-824,0,201,125.84926343105782,141.0,60.75572642344534
194,Viral Pneumonia-830,0,255,125.07220277178108,154.0,71.24367496317291
195,Viral Pneumonia-603,2,219,117.41735551056476,122.0,53.2642896085322
196,Viral Pneumonia-165,0,221,76.7763447836154,74.0,31.403734303127614
197,Viral Pneumonia-171,0,255,98.42138231115983,105.0,51.26213086960088
198,Viral Pneumonia-617,0,198,95.16166485833492,101.0,57.77927722896916
199,Viral Pneumonia-159,0,189,77.16795114148611,65.0,41.73545659770794
200,Viral Pneumonia-1234,0,247,119.95199158846098,130.0,56.49336110032915
201,Viral Pneumonia-12,0,168,64.77269829196541,61.0,26.525741662996694
202,Viral Pneumonia-1220,0,224,114.06626324090334,113.0,45.28276224173678
203,Viral Pneumonia-398,0,255,139.20157492645495,149.0,47.39367521421991
204,Viral Pneumonia-1208,0,236,107.62343821657475,113.0,48.964863274143255
205,Viral Pneumonia-367,0,253,111.91676826881131,121.0,52.94277890512953
206,Viral Pneumonia-401,0,215,126.74767620048993,151.0,65.86275406744328
207,Viral Pneumonia-415,0,232,117.87982237335153,138.0,72.50247686908654
208,Viral Pneumonia-373,2,175,79.51767877316809,67.0,39.070485809148025
209,Viral Pneumonia-429,0,222,149.57836042102437,160.0,49.49263111213598
210,Viral Pneumonia-1340,0,255,148.71018221272692,159.0,53.18639588516099
211,Viral Pneumonia-213,0,255,144.92505676670282,169.0,70.3731418906845
212,Viral Pneumonia-575,0,223,144.79893960917664,164.0,51.295882246826665
213,Viral Pneumonia-561,0,225,121.83625462802429,140.0,72.53092322057567
214,Viral Pneumonia-207,0,214,136.64126799476517,150.0,52.99267708074246
215,Viral Pneumonia-549,0,255,136.42366416483037,153.0,65.22256297958612
216,Viral Pneumonia-1142,0,255,139.7625641771345,155.0,66.58194861494825
217,Viral Pneumonia-1156,0,253,150.00319906936164,169.0,55.00756051892604
218,Viral Pneumonia-978,0,238,101.05746020738023,100.0,41.267339631799516
219,Viral Pneumonia-950,0,255,116.76112124025458,125.0,59.44891687284529
220,Viral Pneumonia-788,0,218,97.8547555396472,104.0,58.64783490896682
221,Viral Pneumonia-944,0,247,113.26117157526203,121.0,56.12416155169893
222,Viral Pneumonia-777,0,255,137.39732217760428,151.0,56.938236068387724
223,Viral Pneumonia-1181,0,255,127.82206015592666,139.0,67.43218801310454
224,Viral Pneumonia-1195,0,255,158.9570027180904,178.0,62.927869897698976
225,Viral Pneumonia-763,0,215,149.1320007606179,172.0,59.938683118078416
226,Viral Pneumonia-993,0,255,119.03599512309705,129.0,66.81457043977942
227,Viral Pneumonia-987,0,223,113.08304157671614,117.0,41.816210329873456
228,Viral Pneumonia-991,0,233,136.12410375722865,155.0,56.06864803783893
229,Viral Pneumonia-749,0,246,136.81590809946198,154.0,72.57386187776676
230,Viral Pneumonia-985,0,223,74.70429860963525,71.0,37.37862590080496
231,Viral Pneumonia-1183,0,235,135.48880885001287,161.0,62.45139415361006
232,Viral Pneumonia-775,0,255,162.340074495811,182.0,63.3665569628507
233,Viral Pneumonia-761,0,255,125.92176821288352,138.0,59.23820431975818
234,Viral Pneumonia-1197,0,255,83.89345756758873,98.0,68.07322713820628
235,Viral Pneumonia-952,0,235,104.95153298061543,102.0,54.04355711685455
236,Viral Pneumonia-946,0,255,103.13584859229762,103.0,60.119478241768235
237,Viral Pneumonia-1168,0,255,104.87672397400476,125.0,71.95495428290805
238,Viral Pneumonia-1140,0,255,142.510754913256,155.0,65.80840463338889
239,Viral Pneumonia-1154,0,255,136.19146318273846,148.0,47.78404093780688
240,Viral Pneumonia-239,0,215,142.78896209214662,158.0,47.120448618160175
241,Viral Pneumonia-577,0,232,126.28699902685652,147.0,56.01494113014524
242,Viral Pneumonia-211,0,210,124.26390085122091,141.0,64.51391441940534
243,Viral Pneumonia-205,0,253,118.61264415386853,132.0,56.19951908138348
244,Viral Pneumonia-563,0,217,164.73680383888325,178.0,37.5648188316658
245,Viral Pneumonia-588,0,255,129.06589411751546,146.0,69.80293003990313
246,Viral Pneumonia-1342,0,255,129.79965548483798,142.0,62.31005194732246
247,Viral Pneumonia-359,0,198,102.0264762139126,86.0,54.18433286741818
248,Viral Pneumonia-403,0,231,138.12498741624813,149.0,55.44256914402623
249,Viral Pneumonia-365,0,255,106.07530117112783,119.0,66.03632468261446
250,Viral Pneumonia-371,0,248,152.6849699667789,169.0,67.81697110561126
251,Viral Pneumonia-417,0,255,141.7959083231731,156.0,63.352769880755055
252,Viral Pneumonia-38,0,205,131.47474860460173,149.0,54.69128757244181
253,Viral Pneumonia-1236,0,254,128.65935504077135,134.0,61.775473854127846
254,Viral Pneumonia-1222,0,211,132.74814599389268,144.0,55.57923120988689
255,Viral Pneumonia-10,0,203,132.6661111173253,146.0,49.10815596383729
256,Viral Pneumonia-629,0,248,96.66158096665585,94.0,46.75065020170799
257,Viral Pneumonia-167,0,244,83.47807071509267,80.0,40.89616588818634
258,Viral Pneumonia-601,0,255,115.6958646995,126.0,69.71988855527647
259,Viral Pneumonia-615,0,182,83.73942125927003,89.0,40.31857366298846
260,Viral Pneumonia-173,7,204,126.91391595172314,129.0,47.22325687093809
261,Viral Pneumonia-198,0,255,129.07565910895852,142.0,57.873829331530665
262,Viral Pneumonia-1008,3,227,127.09824274896253,134.0,53.32104496997548
263,Viral Pneumonia-826,0,202,115.80561738683012,124.0,60.535967585716264
264,Viral Pneumonia-832,0,194,90.86861444502858,88.0,57.52162515321922
265,Viral Pneumonia-1034,0,255,127.63957897562668,147.0,74.09504842944847
266,Viral Pneumonia-1020,0,255,113.11926041095737,133.0,76.39269576641532
267,Viral Pneumonia-1021,0,255,107.00780751893156,112.0,62.31180361800187
268,Viral Pneumonia-1035,0,255,156.62880728403485,171.0,60.17900771294665
269,Viral Pneumonia-833,0,223,134.34142794823325,154.0,67.34834886287089
270,Viral Pneumonia-1009,0,229,116.12738112549077,131.0,72.84728000565998
271,Viral Pneumonia-199,0,241,146.23605999932886,167.0,72.98067946421268
272,Viral Pneumonia-827,0,204,131.9809957383027,163.0,66.29174166132292
273,Viral Pneumonia-614,0,230,108.8656279012539,120.0,55.37454434673645
274,Viral Pneumonia-172,7,224,148.64586525877786,165.0,54.2225365293839
275,Viral Pneumonia-166,0,255,137.61695059339382,153.0,73.47243843020243
276,Viral Pneumonia-600,0,255,111.03671099875841,132.0,68.28952887908495
277,Viral Pneumonia-628,0,255,128.3526470621134,134.0,49.482576710214566
278,Viral Pneumonia-1223,0,203,108.10240377624412,103.0,51.67323520743635
279,Viral Pneumonia-11,0,206,104.91002337781457,100.0,56.159444069722404
280,Viral Pneumonia-1237,0,250,108.65335958210758,117.0,58.0174539413779
281,Viral Pneumonia-39,21,205,173.29821814073668,177.0,24.1630920023362
282,Viral Pneumonia-370,0,206,101.44713146385388,91.0,49.71483904725913
283,Viral Pneumonia-416,0,247,145.41109159852797,156.0,59.706783221488415
284,Viral Pneumonia-402,0,255,123.0340823928144,143.0,67.00928989203396
285,Viral Pneumonia-364,0,255,113.826959429984,122.0,57.095170284730884
286,Viral Pneumonia-358,2,207,144.17379000234897,156.0,48.10753968559741
287,Viral Pneumonia-1343,0,255,89.58264448943524,95.0,69.54016895572144
288,Viral Pneumonia-589,0,204,133.90924038880996,148.0,54.82329616995508
289,Viral Pneumonia-204,0,205,134.62029507499915,141.0,43.254732392259335
290,Viral Pneumonia-562,0,240,121.23048959183902,146.0,78.99702554374234
291,Viral Pneumonia-576,0,205,139.94821087012448,154.0,51.74122422991491
292,Viral Pneumonia-210,0,227,131.82989004597263,144.0,51.63445934705759
293,Viral Pneumonia-238,0,226,126.58098902696838,138.0,58.71173624533327
294,Viral Pneumonia-1155,0,255,137.1158711871232,154.0,61.3644575998946
295,Viral Pneumonia-1141,0,255,145.10918222391248,161.0,69.73462098663266
296,Viral Pneumonia-947,0,228,125.7540743392132,142.0,55.91981136062245
297,Viral Pneumonia-1169,0,217,122.98692408362322,137.0,63.516164460515355
298,Viral Pneumonia-953,3,221,140.49767899687922,159.0,56.171285521793585
299,Viral Pneumonia-760,0,244,167.07431684209348,175.0,41.290839359961915
300,Viral Pneumonia-1196,0,255,145.43487209315333,166.0,67.58054171664543
301,Viral Pneumonia-1182,0,211,77.65928792742811,74.0,42.16251744523591
302,Viral Pneumonia-774,0,238,129.0314649724276,146.0,70.55328818281046
303,Viral Pneumonia-984,0,255,117.31117101598416,121.0,48.13751244275879
304,Viral Pneumonia-748,0,255,106.43514054652633,118.0,63.08740945707612
305,Viral Pneumonia-990,0,217,85.42514065838189,78.0,44.56084039244024
306,Viral Pneumonia-713,0,255,113.65982483417412,135.0,72.29282257737803
307,Viral Pneumonia-707,0,233,128.17178778760865,151.0,78.00059453040289
308,Viral Pneumonia-1126,0,255,139.21949418910302,157.0,63.56115850694981
309,Viral Pneumonia-908,0,255,128.76553953535196,153.0,72.58368571995467
310,Viral Pneumonia-1132,0,255,124.10627397903826,137.0,72.8276299550415
311,Viral Pneumonia-934,0,226,129.96964239773604,145.0,51.32392474545946
312,Viral Pneumonia-920,0,255,138.09917115021085,149.0,42.30867326695749
313,Viral Pneumonia-511,0,225,134.4470419793962,150.0,64.76264953957364
314,Viral Pneumonia-277,0,255,127.31585776445453,139.0,60.73322070449073
315,Viral Pneumonia-263,0,255,126.42271339246764,142.0,77.25817053967334
316,Viral Pneumonia-505,0,254,117.94560463529491,140.0,68.23999740504095
317,Viral Pneumonia-539,0,255,138.42602431740139,152.0,54.66360936725922
318,Viral Pneumonia-1324,0,253,124.25651838346327,143.0,59.832524874070415
319,Viral Pneumonia-1330,0,255,160.58011655350612,179.0,67.57716624392555
320,Viral Pneumonia-288,0,255,127.67953378597555,142.0,65.55918928857538
321,Viral Pneumonia-1318,0,251,130.44065502623013,139.0,70.25901130565713
322,Viral Pneumonia-465,0,255,128.54449055379695,143.0,60.60188794210666
323,Viral Pneumonia-303,0,213,117.4964709567007,134.0,61.72692577823354
324,Viral Pneumonia-1293,0,255,125.57008310869006,139.0,69.60116089239591
325,Viral Pneumonia-1287,0,255,143.63467970156933,163.0,71.65126992935718
326,Viral Pneumonia-317,0,201,123.44233285981142,129.0,48.17935285320531
327,Viral Pneumonia-471,0,204,137.3105669958949,154.0,57.53526763972798
328,Viral Pneumonia-459,0,224,128.68278878312324,143.0,53.52207562639047
329,Viral Pneumonia-89,0,216,94.95048153823782,98.0,54.54467338257108
330,Viral Pneumonia-62,0,255,117.38197559311418,134.0,62.8206244439882
331,Viral Pneumonia-1250,0,239,106.3177816802944,113.0,44.83510275310741
332,Viral Pneumonia-3,0,255,125.16648583349179,139.0,67.88147356503238
333,Viral Pneumonia-1244,0,255,125.8196217044552,133.0,53.85503190479921
334,Viral Pneumonia-76,0,218,113.26921399089495,122.0,49.42401211385594
335,Viral Pneumonia-1278,0,255,151.02842250086687,166.0,70.42151100627778
336,Viral Pneumonia-1091,0,253,123.39049898770708,145.0,71.7574680346441
337,Viral Pneumonia-101,0,255,128.05188979989038,138.0,62.62481053893235
338,Viral Pneumonia-667,1,255,104.87261887450923,107.0,45.0594123125701
339,Viral Pneumonia-673,1,199,120.82169103253878,120.0,43.92941037635292
340,Viral Pneumonia-115,0,255,134.1561503786311,152.0,73.76757717093409
341,Viral Pneumonia-1085,0,255,132.67133477254168,145.0,71.7376898631875
342,Viral Pneumonia-883,0,243,123.22230176396238,134.0,53.73300914933392
343,Viral Pneumonia-897,0,241,99.22683191463183,116.0,71.86519433895904
344,Viral Pneumonia-129,0,255,112.44264605541325,129.0,63.315766604268674
345,Viral Pneumonia-1052,0,251,131.36250153801413,141.0,44.319860840011415
346,Viral Pneumonia-868,0,227,130.0224270422031,150.0,73.43774067461348
347,Viral Pneumonia-1046,0,255,133.31734544356328,142.0,62.951118313895456
348,Viral Pneumonia-840,0,255,119.27462780058389,132.0,59.171142608603006
349,Viral Pneumonia-698,0,234,135.43206451829397,143.0,38.27980178683307
350,Viral Pneumonia-854,0,253,109.824062370667,129.0,61.60944536243253
351,Viral Pneumonia-855,0,203,124.73823559020593,133.0,58.55868307260843
352,Viral Pneumonia-699,0,247,97.90462075368285,105.0,44.213740164233705
353,Viral Pneumonia-841,0,255,148.8044093466516,167.0,63.90879403413895
354,Viral Pneumonia-869,0,208,112.5499491057147,133.0,66.76639560604153
355,Viral Pneumonia-1047,0,255,120.79750785785394,142.0,78.27655913426308
356,Viral Pneumonia-1053,0,251,131.36250153801413,141.0,44.319860840011415
357,Viral Pneumonia-896,0,255,88.39245646021857,94.0,70.04144781767612
358,Viral Pneumonia-128,0,255,139.76631133879934,161.0,63.90571055526455
359,Viral Pneumonia-882,0,238,111.72985760785673,123.0,63.69322448453687
360,Viral Pneumonia-672,0,245,129.53597834476125,141.0,52.613985803887935
361,Viral Pneumonia-1084,0,225,171.24000850102348,186.0,40.2112995946319
362,Viral Pneumonia-114,0,255,145.15736960436683,165.0,71.26397632948827
363,Viral Pneumonia-100,0,255,121.96998915000951,139.0,66.6705863652342
364,Viral Pneumonia-1090,0,255,88.59906488741737,94.0,66.33811451772797
365,Viral Pneumonia-666,0,208,105.93964273330276,112.0,57.68494803643306
366,Viral Pneumonia-1279,0,255,137.7835706535721,150.0,61.3245729754301
367,Viral Pneumonia-1245,0,219,99.9606715808548,111.0,48.79990147087446
368,Viral Pneumonia-77,0,212,134.30100334448161,150.0,46.490374824117076
369,Viral Pneumonia-63,0,255,122.78340287021398,141.0,76.7018944427225
370,Viral Pneumonia-2,0,255,128.86452053109025,154.0,71.9397756252923
371,Viral Pneumonia-1251,1,237,115.98200243845147,126.0,47.216443483473604
372,Viral Pneumonia-88,0,255,113.36317267144663,128.0,66.40154200125593
373,Viral Pneumonia-458,0,255,156.47604612923791,170.0,49.837010992941046
374,Viral Pneumonia-316,5,204,131.29825169740832,138.0,49.05401181529626
375,Viral Pneumonia-1286,0,255,130.67102157693986,139.0,57.29195541167289
376,Viral Pneumonia-470,0,212,143.98195769622265,170.0,63.343580486977814
377,Viral Pneumonia-464,0,255,124.59053030726726,134.0,56.906892945830805
378,Viral Pneumonia-1292,0,255,112.19229091397187,115.0,42.041308099873
379,Viral Pneumonia-302,46,224,143.6788179103142,144.0,33.52564172901906
380,Viral Pneumonia-1319,0,255,126.21072471225155,136.0,60.76391242027206
381,Viral Pneumonia-289,0,238,107.32457131351998,120.0,57.78832985450262
382,Viral Pneumonia-1331,0,255,136.43187436382144,143.0,66.80566212107595
383,Viral Pneumonia-1325,0,255,109.49730987349135,127.0,68.65892271514629
384,Viral Pneumonia-538,0,255,129.6780237357524,152.0,66.65551293349725
385,Viral Pneumonia-262,0,255,132.53390901667765,143.0,59.87992084180812
386,Viral Pneumonia-504,0,210,121.35650607935034,136.0,62.32284039694612
387,Viral Pneumonia-510,0,248,135.89783112045725,147.0,51.427757585587216
388,Viral Pneumonia-276,0,255,142.29963870650215,156.0,68.2135180986155
389,Viral Pneumonia-921,0,234,144.0613863379604,151.0,46.168264810905626
390,Viral Pneumonia-935,0,207,126.20593729376628,145.0,59.09443408839419
391,Viral Pneumonia-1133,1,240,151.7109204595027,177.0,57.3567576001443
392,Viral Pneumonia-1127,0,255,130.57662665965705,151.0,68.6738326681336
393,Viral Pneumonia-909,0,249,148.35388865896354,166.0,58.070387504558305
394,Viral Pneumonia-706,0,255,143.88125412467423,173.0,72.60596759106717
395,Viral Pneumonia-712,0,255,133.63577588617576,153.0,70.5087099079859
396,Viral Pneumonia-704,0,247,128.3820427064574,144.0,58.035148866414964
397,Viral Pneumonia-710,0,255,125.56899810964083,140.0,61.46962492823978
398,Viral Pneumonia-738,0,255,100.82022572454447,107.0,66.69182999945528
399,Viral Pneumonia-1131,0,255,114.05120748090066,123.0,61.07948784343297
400,Viral Pneumonia-1125,0,255,120.97309873491348,135.0,71.0225864517328
401,Viral Pneumonia-923,0,255,85.27510877954386,87.0,63.38683170901219
402,Viral Pneumonia-937,0,207,138.6161452332748,151.0,50.84174192822113
403,Viral Pneumonia-1119,0,255,147.2594154427803,188.0,77.5481830385259
404,Viral Pneumonia-506,0,255,132.28586928557846,153.0,67.67013456291023
405,Viral Pneumonia-260,0,255,121.05121866645787,138.0,76.30879641177276
406,Viral Pneumonia-274,0,255,115.87793201418329,133.0,66.80058092910552
407,Viral Pneumonia-512,0,233,145.17638505162134,163.0,64.35963790519493
408,Viral Pneumonia-248,0,255,107.66603281842485,120.0,56.926744115674275
409,Viral Pneumonia-1333,0,255,147.67127884475565,159.0,58.67597699210285
410,Viral Pneumonia-1327,0,255,168.24903524569078,182.0,59.55227555311748
411,Viral Pneumonia-472,0,196,89.12884643348508,77.0,59.586218087005285
412,Viral Pneumonia-1284,0,255,148.2093712598293,164.0,68.85104439708032
413,Viral Pneumonia-314,4,204,112.76062907573741,108.0,51.53760874960706
414,Viral Pneumonia-300,0,190,123.5622755897585,129.0,40.11362893403663
415,Viral Pneumonia-1290,0,255,119.42297066028344,133.0,75.8342224515685
416,Viral Pneumonia-466,0,255,134.7690182436438,155.0,68.31191881196649
417,Viral Pneumonia-328,0,255,130.3505441773582,137.0,60.34023521698198
418,Viral Pneumonia-75,0,203,122.85263028377759,136.0,51.037572089271706
419,Viral Pneumonia-1247,0,254,126.05067057415465,138.0,58.22140422332579
420,Viral Pneumonia-1253,0,227,111.73599847876422,115.0,40.79677229022561
421,Viral Pneumonia-61,0,255,125.16489748436818,135.0,58.41967967563617
422,Viral Pneumonia-49,0,255,156.20197760651448,166.0,59.006304989233534
423,Viral Pneumonia-499,0,253,111.26478451024037,125.0,59.223986968486116
424,Viral Pneumonia-116,0,243,144.43698616346575,175.0,87.31538781619307
425,Viral Pneumonia-1086,0,255,108.92530284896142,116.0,65.36381514623255
426,Viral Pneumonia-670,0,255,114.05880247424525,124.0,56.13362083505521
427,Viral Pneumonia-664,0,243,99.4563595485509,105.0,52.5419891026296
428,Viral Pneumonia-1092,0,255,112.54188431896735,121.0,64.07096372699381
429,Viral Pneumonia-102,0,255,119.73083075133388,139.0,69.6315517530124
430,Viral Pneumonia-894,0,255,171.49018467354952,179.0,36.19432631446359
431,Viral Pneumonia-658,1,252,108.69774387311104,121.0,47.169933575011335
432,Viral Pneumonia-880,0,250,127.7425196586168,142.0,65.57822263245944
433,Viral Pneumonia-1045,0,255,113.40040939139384,122.0,70.56864980775768
434,Viral Pneumonia-1051,0,252,175.20532208811983,191.0,49.669605715858935
435,Viral Pneumonia-1079,0,255,150.79668012662052,168.0,66.67642787951459
436,Viral Pneumonia-857,0,255,128.59351685104193,147.0,67.4112227634813
437,Viral Pneumonia-843,0,255,111.82546056531807,121.0,50.71528771165765
438,Viral Pneumonia-842,0,207,119.50462522790573,126.0,49.12336536691477
439,Viral Pneumonia-1078,0,255,141.8618359973602,158.0,72.0649472516941
440,Viral Pneumonia-856,0,212,158.43361931074597,172.0,36.52772077790166
441,Viral Pneumonia-1050,0,255,121.9263207346674,138.0,67.47592583154768
442,Viral Pneumonia-1044,0,255,122.84615384615384,136.0,77.56942008755044
443,Viral Pneumonia-881,0,227,130.74508115121756,143.0,60.40837583112482
444,Viral Pneumonia-659,0,247,117.71123365510454,126.0,49.56997697935749
445,Viral Pneumonia-895,0,221,109.78229550005034,112.0,48.08902111180669
446,Viral Pneumonia-665,0,248,117.36533148398787,122.0,43.43221679614261
447,Viral Pneumonia-103,0,255,139.53509468574177,159.0,75.59619568890739
448,Viral Pneumonia-1093,0,255,113.46924531045514,126.0,69.45529613826048
449,Viral Pneumonia-1087,0,255,143.5224326349817,157.0,58.51299588822144
450,Viral Pneumonia-117,0,212,131.9375845907764,153.0,60.20982796565368
451,Viral Pneumonia-671,0,255,120.6124651849532,129.0,64.30237040540145
452,Viral Pneumonia-498,0,255,129.42363060815873,149.0,66.08405464953555
453,Viral Pneumonia-48,0,255,104.93674567398575,104.0,58.82074002058869
454,Viral Pneumonia-1,0,255,121.50180646748917,134.0,59.76496322212648
455,Viral Pneumonia-1252,2,237,126.95729354257783,135.0,43.47706082042675
456,Viral Pneumonia-60,0,255,146.85955414368968,165.0,67.21316610197087
457,Viral Pneumonia-74,0,203,122.85263028377759,136.0,51.037572089271706
458,Viral Pneumonia-1246,0,253,116.70456706300824,120.0,66.25227915211549
459,Viral Pneumonia-329,0,255,125.47297010100559,137.0,57.191890785206574
460,Viral Pneumonia-1291,0,255,146.98238274739657,168.0,76.22471657287635
461,Viral Pneumonia-301,0,191,118.75919732441471,124.0,40.96192673769639
462,Viral Pneumonia-467,0,214,135.35608102817642,161.0,65.0181171757909
463,Viral Pneumonia-473,0,198,131.56779006946232,151.0,53.816805542819196
464,Viral Pneumonia-315,2,201,109.41002897059317,108.0,47.411835367889026
465,Viral Pneumonia-1285,0,255,134.9416449480431,154.0,72.50850070344832
466,Viral Pneumonia-1326,0,248,135.2998288609747,151.0,68.64440615965829
467,Viral Pneumonia-1332,0,255,106.0593841232201,111.0,60.87619793052686
468,Viral Pneumonia-249,0,209,123.28805046923412,152.0,69.40654161191739
469,Viral Pneumonia-275,0,255,127.07120725718951,150.0,73.48203337648502
470,Viral Pneumonia-513,0,255,131.78634467175982,152.0,70.71058383633591
471,Viral Pneumonia-507,0,255,124.79569579758616,134.0,61.4398103577371
472,Viral Pneumonia-261,0,255,128.58117918144092,140.0,61.57518871786022
473,Viral Pneumonia-936,1,225,136.8315566939967,150.0,53.72115473331999
474,Viral Pneumonia-1118,0,255,160.9706379123276,188.0,66.13397004218454
475,Viral Pneumonia-922,0,252,116.88245097929553,123.0,72.55417952185256
476,Viral Pneumonia-1124,0,255,101.16392434089104,116.0,67.23632949589319
477,Viral Pneumonia-1130,0,255,150.07180009172157,166.0,65.34816612421965
478,Viral Pneumonia-739,0,216,105.18999787474414,118.0,54.43797315969589
479,Viral Pneumonia-711,0,255,141.26316260444514,155.0,60.092537929166795
480,Viral Pneumonia-705,0,173,111.51598975402959,131.0,50.13620885104252
481,Viral Pneumonia-729,0,255,124.76668046218722,154.0,71.963043547061
482,Viral Pneumonia-701,0,233,128.29717788391628,153.0,67.66388491571081
483,Viral Pneumonia-715,0,255,146.9058511649758,165.0,72.62777968550027
484,Viral Pneumonia-926,0,255,108.6844442455901,114.0,54.23955305420665
485,Viral Pneumonia-1108,0,255,124.05299717005403,139.0,69.55059475362984
486,Viral Pneumonia-932,0,224,127.06428339727744,142.0,54.76611203336923
487,Viral Pneumonia-1134,0,248,143.56388630999652,161.0,52.29880786622763
488,Viral Pneumonia-1120,0,255,140.20263755438978,155.0,71.93473057729628
489,Viral Pneumonia-259,0,255,146.788391628729,168.0,67.25390083791123
490,Viral Pneumonia-265,0,231,170.56223084752966,187.0,48.34659664912703
491,Viral Pneumonia-503,0,255,146.85639981655686,157.0,55.28273355698514
492,Viral Pneumonia-517,0,253,135.80024831937004,154.0,74.64207054806536
493,Viral Pneumonia-271,0,255,125.55879688146665,143.0,72.07152121967087
494,Viral Pneumonia-1336,0,255,150.6076218386819,168.0,71.49131983399816
495,Viral Pneumonia-1322,0,255,145.44057672732967,155.0,62.33783817938459
496,Viral Pneumonia-339,1,223,86.0659500453015,77.0,41.091296109121245
497,Viral Pneumonia-1281,3,252,193.69196094003422,202.0,28.01820534959843
498,Viral Pneumonia-311,0,255,130.3001979843626,139.0,56.21597743641685
499,Viral Pneumonia-477,0,255,129.53144819409178,154.0,78.29371204606034
500,Viral Pneumonia-463,0,238,146.76149036364245,165.0,68.61233441647491
501,Viral Pneumonia-305,5,212,134.07507745998367,144.0,53.79259806583111
502,Viral Pneumonia-1295,0,255,112.34335186407311,121.0,62.928573058862
503,Viral Pneumonia-488,0,241,124.7833022001991,129.0,51.46992451238789
504,Viral Pneumonia-58,0,222,127.10964083175803,143.0,55.391909883141665
505,Viral Pneumonia-1242,0,255,102.34293799845639,106.0,45.178647843405386
506,Viral Pneumonia-70,0,214,101.48352926701044,104.0,60.18776654721353
507,Viral Pneumonia-64,0,218,127.32494043690787,150.0,64.01586828315334
508,Viral Pneumonia-5,0,255,124.20337580116554,140.0,65.86293359089527
509,Viral Pneumonia-1256,1,231,112.9080994619747,118.0,46.35260712955469
510,Viral Pneumonia-649,0,244,129.46849587812216,143.0,57.688832770017555
511,Viral Pneumonia-891,0,255,101.72514848827194,114.0,63.71079891209498
512,Viral Pneumonia-885,0,227,117.9635574546146,134.0,70.34903237886361
513,Viral Pneumonia-675,1,249,102.69381774253084,106.0,42.70033564176621
514,Viral Pneumonia-113,0,255,138.04371315757095,155.0,67.91246710770702
515,Viral Pneumonia-1083,0,255,122.7659981431975,142.0,72.28077185215551
516,Viral Pneumonia-1097,0,255,132.6050044182951,147.0,70.2175113775086
517,Viral Pneumonia-107,0,255,125.99793067191642,146.0,71.57730472383142
518,Viral Pneumonia-661,0,223,114.02968646883144,121.0,71.34520493379526
519,Viral Pneumonia-852,0,217,114.85733940336237,130.0,67.66702805251121
520,Viral Pneumonia-1068,0,255,135.78122168655833,152.0,71.81473076156347
521,Viral Pneumonia-846,0,255,129.03247167257638,149.0,64.93537728347742
522,Viral Pneumonia-1040,0,252,137.57725305086072,156.0,72.7607413886832
523,Viral Pneumonia-1054,0,255,103.34094696927328,115.0,68.0992749047479
524,Viral Pneumonia-1055,0,255,125.18774957774521,145.0,66.38547611027681
525,Viral Pneumonia-1041,0,252,134.97435151732083,154.0,64.43059937008945
526,Viral Pneumonia-1069,0,255,134.10145300388137,152.0,74.4154507363839
527,Viral Pneumonia-847,0,255,117.27344213151979,141.0,71.11973042781618
528,Viral Pneumonia-853,0,255,135.20872249751122,157.0,74.03009400646481
529,Viral Pneumonia-106,0,255,135.34756881914072,157.0,74.10054600595002
530,Viral Pneumonia-1096,0,255,136.73960022818537,154.0,73.29332063643784
531,Viral Pneumonia-660,0,255,114.66378452142594,122.0,45.92512617127039
532,Viral Pneumonia-674,11,218,142.55574322434873,153.0,46.76345009037986
533,Viral Pneumonia-1082,0,255,107.0857372960034,115.0,79.71117282598955
534,Viral Pneumonia-112,0,213,123.96654399838928,138.0,63.78211098773421
535,Viral Pneumonia-884,0,252,157.92993366964575,164.0,40.544104093384945
536,Viral Pneumonia-890,0,252,112.28158521716759,130.0,66.82530647587485
537,Viral Pneumonia-648,0,202,122.66266596570509,128.0,45.972566374933905
538,Viral Pneumonia-65,0,209,79.63211820896858,70.0,58.31656271366654
539,Viral Pneumonia-1257,13,247,119.64096598472052,126.0,49.46839211901577
540,Viral Pneumonia-4,0,255,135.63742016308544,157.0,74.24837716596477
541,Viral Pneumonia-1243,0,234,140.5169181552779,154.0,49.419842035426676
542,Viral Pneumonia-71,0,212,118.00687911768324,126.0,57.29250005955052
543,Viral Pneumonia-59,0,255,136.04420532208812,152.0,57.781312498546896
544,Viral Pneumonia-489,0,255,135.74704980928624,153.0,66.40495202070211
545,Viral Pneumonia-462,0,255,145.58473618863323,163.0,64.17164171986248
546,Viral Pneumonia-1294,0,249,134.3183074014832,149.0,71.57100622431784
547,Viral Pneumonia-304,0,202,127.0685674656883,132.0,49.11001254410033
548,Viral Pneumonia-310,0,197,75.37442534199842,66.0,37.18120541734881
549,Viral Pneumonia-1280,0,255,128.22659701793046,149.0,80.6636974811898
550,Viral Pneumonia-476,0,237,117.83034865381819,127.0,63.34562125263716
551,Viral Pneumonia-338,0,204,105.45997248352927,111.0,49.44667003108308
552,Viral Pneumonia-1323,0,255,137.41056587733917,144.0,56.07799582399482
553,Viral Pneumonia-1337,0,255,117.82221675372759,124.0,65.54677701367467
554,Viral Pneumonia-516,0,252,159.3698504491001,177.0,65.17219237232764
555,Viral Pneumonia-270,0,255,127.85364816948356,149.0,74.09828790484498
556,Viral Pneumonia-264,0,255,117.40691938568919,138.0,67.86664033405984
557,Viral Pneumonia-502,0,255,142.3843469312424,158.0,59.91441591120249
558,Viral Pneumonia-258,2,223,128.24573550631425,139.0,55.493201605229345
559,Viral Pneumonia-1121,0,255,105.31332982852541,124.0,72.91704797156615
560,Viral Pneumonia-1135,0,255,125.7578662431069,135.0,70.99806554421559
561,Viral Pneumonia-933,0,235,130.224695473205,146.0,53.303526106909324
562,Viral Pneumonia-927,0,215,90.09259404257223,92.0,40.81384318724164
563,Viral Pneumonia-1109,0,253,115.07856735383272,128.0,69.7392552306456
564,Viral Pneumonia-714,0,255,104.43356338295992,123.0,70.07861729661067
565,Viral Pneumonia-700,0,222,137.7877764230825,155.0,56.387639549080404
566,Viral Pneumonia-728,0,255,67.7918144092348,67.0,51.44978896835381
567,Viral Pneumonia-716,0,255,144.02412724689881,162.0,74.21513508688638
568,Viral Pneumonia-702,0,255,111.21462847171732,126.0,57.08766235885241
569,Viral Pneumonia-931,0,217,106.46595675663583,115.0,58.62809790000668
570,Viral Pneumonia-925,0,255,120.47269046207536,132.0,57.92875492277446
571,Viral Pneumonia-1123,0,255,145.0738023064619,157.0,58.51126542940159
572,Viral Pneumonia-1137,0,255,157.39572264292346,167.0,64.03917190384148
573,Viral Pneumonia-919,0,236,132.97412780617665,154.0,66.16137766995962
574,Viral Pneumonia-528,0,220,127.66169282222793,138.0,55.984565689030816
575,Viral Pneumonia-272,0,255,136.55330477287725,152.0,59.25942250820657
576,Viral Pneumonia-514,0,255,143.3712598293084,158.0,55.60237236935655
577,Viral Pneumonia-500,0,231,66.24229035469402,61.0,42.77034733612731
578,Viral Pneumonia-266,0,255,133.34800505587185,158.0,68.98321474846897
579,Viral Pneumonia-1309,0,255,131.1007930560061,146.0,78.34379926772262
580,Viral Pneumonia-299,0,255,131.57763335980582,152.0,73.78900406573332
581,Viral Pneumonia-1321,0,255,117.941801545844,126.0,57.17151357393133
582,Viral Pneumonia-1335,0,255,128.04597264012708,145.0,75.64129950413353
583,Viral Pneumonia-98,0,255,110.67919821925929,127.0,57.69041220335625
584,Viral Pneumonia-448,0,255,117.1709376852608,133.0,62.314522514624954
585,Viral Pneumonia-306,2,202,141.0970011521124,158.0,50.402356085570254
586,Viral Pneumonia-1296,0,255,143.21298419480766,168.0,63.59051712454009
587,Viral Pneumonia-460,0,224,110.87238397780786,127.0,67.24981728565432
588,Viral Pneumonia-474,0,255,112.42930168566348,121.0,57.93134691006029
589,Viral Pneumonia-1282,0,254,128.00128633907897,141.0,66.94450114551861
590,Viral Pneumonia-312,0,255,84.09732553327144,87.0,50.928625368670886
591,Viral Pneumonia-1269,0,227,112.29450453574344,121.0,48.1286526982277
592,Viral Pneumonia-6,0,255,113.49937920157492,126.0,66.9973819621354
593,Viral Pneumonia-1255,0,229,121.01128622722341,127.0,44.53765443194155
594,Viral Pneumonia-67,0,219,111.24217849912193,125.0,60.707162674018164
595,Viral Pneumonia-73,0,213,133.58387490072818,147.0,46.85244128770106
596,Viral Pneumonia-1241,0,197,127.30167447791412,128.0,50.969781361985206
597,Viral Pneumonia-886,0,255,124.66410890258499,141.0,64.73258951730743
598,Viral Pneumonia-138,0,255,115.95587297681234,123.0,59.881821449550195
599,Viral Pneumonia-892,0,255,130.97937383250746,145.0,69.50491887310598
600,Viral Pneumonia-662,0,250,87.96577219494189,87.0,43.24713526458059
601,Viral Pneumonia-1094,0,255,137.4084853636984,151.0,73.7275175435453
602,Viral Pneumonia-104,0,252,113.31514188879319,128.0,65.63437190535119
603,Viral Pneumonia-110,0,255,134.20920347647117,150.0,65.6688553788266
604,Viral Pneumonia-1080,0,255,142.47747788056063,167.0,63.2882448857079
605,Viral Pneumonia-676,0,255,108.78165792328944,115.0,51.956285887804285
606,Viral Pneumonia-845,0,255,115.4754868513775,130.0,67.5636612283609
607,Viral Pneumonia-851,0,221,138.08989832328498,164.0,62.495880736921535
608,Viral Pneumonia-689,0,255,114.16066934374336,121.0,53.38471555402373
609,Viral Pneumonia-879,0,223,133.35442556570956,150.0,60.33861802062345
610,Viral Pneumonia-1057,0,255,123.36762452321562,140.0,66.66990446077052
611,Viral Pneumonia-1043,0,255,143.04103980939811,157.0,70.08376425537347
612,Viral Pneumonia-1042,0,255,120.07706848916679,131.0,65.47290201433795
613,Viral Pneumonia-878,0,211,106.21823022113847,125.0,62.07376747250139
614,Viral Pneumonia-1056,0,255,112.4239773604322,118.0,61.59098616033895
615,Viral Pneumonia-688,0,203,143.97231574590887,151.0,34.08397459193615
616,Viral Pneumonia-850,0,255,130.03177816802943,142.0,65.60608129860599
617,Viral Pneumonia-844,0,255,134.97806512231406,149.0,53.82174689228931
618,Viral Pneumonia-1081,0,255,155.68309079316785,189.0,74.29486717534729
619,Viral Pneumonia-111,0,255,146.34906768380668,169.0,69.21941383653898
620,Viral Pneumonia-677,0,200,124.34349727631682,120.0,48.40119595957679
621,Viral Pneumonia-663,0,194,115.04166620060178,127.0,48.8189774159382
622,Viral Pneumonia-105,0,255,158.25122761490363,178.0,69.64947732057979
623,Viral Pneumonia-1095,0,255,122.39450341718772,134.0,60.17709360557506
624,Viral Pneumonia-893,0,238,104.66598807619602,120.0,59.57903774270621
625,Viral Pneumonia-887,0,251,111.12558025078019,126.0,61.82548730526052
626,Viral Pneumonia-139,0,255,91.96231585776445,100.0,61.70128307631769
627,Viral Pneumonia-72,2,213,115.21325264818067,123.0,48.64742081755556
628,Viral Pneumonia-1240,2,200,83.17286160110066,67.0,46.761570240623215
629,Viral Pneumonia-1254,0,254,118.01795281931969,125.0,59.33165438332697
630,Viral Pneumonia-7,0,255,115.83871545061017,131.0,57.22010324929346
631,Viral Pneumonia-66,0,189,79.23828592521336,68.0,54.79946620902992
632,Viral Pneumonia-1268,0,255,147.34768067471282,168.0,55.006638638529544
633,Viral Pneumonia-475,0,255,136.17418149685128,157.0,67.13293990169538
634,Viral Pneumonia-313,0,255,106.76395118622834,109.0,59.90351108382965
635,Viral Pneumonia-1283,0,255,128.47501705797475,145.0,72.61015069896142
636,Viral Pneumonia-1297,0,255,120.26589188040403,140.0,78.28978344794237
637,Viral Pneumonia-307,0,212,117.92467645775774,122.0,51.77568530616054
638,Viral Pneumonia-461,0,255,110.18342076710552,124.0,61.16386334682221
639,Viral Pneumonia-449,0,255,107.1662173801188,122.0,51.28839299753208
640,Viral Pneumonia-99,0,240,128.32264739768013,140.0,58.495332853832274
641,Viral Pneumonia-1334,0,255,134.69724052303667,153.0,69.26533851743017
642,Viral Pneumonia-1320,0,255,131.3322334202078,151.0,62.75420927726948
643,Viral Pneumonia-298,0,188,130.04002192369214,142.0,40.30480821372709
644,Viral Pneumonia-1308,0,255,171.4453529602577,188.0,62.893963320511155
645,Viral Pneumonia-501,0,255,102.29486247357413,115.0,66.84767548098048
646,Viral Pneumonia-267,0,255,122.13798503372446,137.0,58.79482839049129
647,Viral Pneumonia-273,0,255,132.41472690462075,147.0,64.91724709227992
648,Viral Pneumonia-515,0,255,169.8435811679959,186.0,54.42624716592913
649,Viral Pneumonia-529,0,223,115.80346975984608,134.0,69.00295194835712
650,Viral Pneumonia-1136,0,255,133.32777038288162,147.0,62.947705998716856
651,Viral Pneumonia-918,1,202,143.32413507678885,155.0,41.57794740192194
652,Viral Pneumonia-1122,0,255,112.15814140781423,121.0,64.30366848906888
653,Viral Pneumonia-924,0,209,100.95208107291865,101.0,49.411467754579654
654,Viral Pneumonia-930,0,226,157.82100871354908,174.0,45.978395345802305
655,Viral Pneumonia-703,0,217,124.52050871914184,124.0,44.29448996964955
656,Viral Pneumonia-717,0,255,138.0184673549513,153.0,71.83329791969108
657,Viral Pneumonia-732,0,255,123.59948993859129,141.0,72.30135370637244
658,Viral Pneumonia-726,0,255,108.19495307658751,115.0,54.54145606275263
659,Viral Pneumonia-1107,0,255,117.16266037292648,134.0,77.32850947028365
660,Viral Pneumonia-929,0,196,105.40633773671435,110.0,50.315543285773344
661,Viral Pneumonia-1113,0,254,138.77523741345175,161.0,55.941174980754376
662,Viral Pneumonia-915,0,255,141.43691905012247,158.0,63.419331742206296
663,Viral Pneumonia-901,0,255,100.81956577666917,117.0,78.8214380776661
664,Viral Pneumonia-530,0,255,139.23101531302783,157.0,67.60367889590826
665,Viral Pneumonia-256,0,233,118.92174584176911,132.0,65.53565278053244
666,Viral Pneumonia-242,0,255,134.32088007964117,154.0,65.82187010281534
667,Viral Pneumonia-524,0,255,127.68267692755114,149.0,67.80035503507041
668,Viral Pneumonia-518,0,189,116.05449603471997,123.0,46.349299259099766
669,Viral Pneumonia-295,0,223,95.98212547958076,97.0,52.348949531456434
670,Viral Pneumonia-1305,0,255,151.41999530206598,161.0,57.21126698761399
671,Viral Pneumonia-1311,0,255,113.28176418608292,127.0,72.03831031191028
672,Viral Pneumonia-281,0,255,106.01684544915605,125.0,60.965172134641676
673,Viral Pneumonia-1339,0,255,133.22518763772217,152.0,68.44371256363256
674,Viral Pneumonia-444,0,255,106.55668281115423,118.0,56.36101914670064
675,Viral Pneumonia-80,5,218,150.26499703582735,168.0,49.972688031131256
676,Viral Pneumonia-322,0,198,150.36188633236765,160.0,39.07650070524079
677,Viral Pneumonia-336,0,255,95.44851847294773,105.0,68.19403646501793
678,Viral Pneumonia-94,0,255,144.54190669008176,164.0,68.80598285918322
679,Viral Pneumonia-450,0,248,106.50703012270556,122.0,64.20552443372645
680,Viral Pneumonia-478,0,255,144.74428697665573,163.0,65.13433980761569
681,Viral Pneumonia-43,0,211,89.7544658337155,80.0,46.71359127537027
682,Viral Pneumonia-487,0,255,117.02770662520554,128.0,56.16074746999467
683,Viral Pneumonia-1271,0,254,110.94819968456729,118.0,57.21179087222109
684,Viral Pneumonia-1265,0,207,102.20625048936813,100.0,41.86217258280703
685,Viral Pneumonia-493,0,255,132.0188700350108,150.0,60.443716467806716
686,Viral Pneumonia-57,0,255,117.72673683739555,132.0,65.01368393234286
687,Viral Pneumonia-1259,0,193,76.20248095658886,68.0,35.201634523052014
688,Viral Pneumonia-120,0,220,132.88111989798773,158.0,61.20840660277415
689,Viral Pneumonia-646,0,197,132.0031431415756,141.0,39.04893008382795
690,Viral Pneumonia-652,26,189,122.81121016543439,126.0,33.88348464198564
691,Viral Pneumonia-134,0,255,147.91208152034093,163.0,58.06198625561692
692,Viral Pneumonia-108,0,214,139.63419872260937,166.0,63.34093291215162
693,Viral Pneumonia-1098,0,255,138.76719499781882,153.0,53.709186362256844
694,Viral Pneumonia-1073,0,255,122.03078265343788,135.0,83.2491814163174
695,Viral Pneumonia-685,0,213,148.75795572756456,158.0,49.587585098708125
696,Viral Pneumonia-849,0,217,107.08328765897473,123.0,68.62538243288812
697,Viral Pneumonia-691,5,215,128.6324202190132,131.0,45.745376161958404
698,Viral Pneumonia-1067,0,255,129.67926533260254,141.0,77.6133117969991
699,Viral Pneumonia-861,0,255,125.47602375812352,144.0,71.69653285887149
700,Viral Pneumonia-875,0,196,120.53733179718348,141.0,57.41441634316231
701,Viral Pneumonia-874,0,253,131.1407814230266,151.0,70.46028721656855
702,Viral Pneumonia-860,0,255,122.90123152984866,141.0,68.3552172170544
703,Viral Pneumonia-690,0,254,113.05619623941567,119.0,36.78625187606242
704,Viral Pneumonia-848,0,255,149.47585597476538,166.0,59.92010991113335
705,Viral Pneumonia-1066,0,253,144.49562085435286,174.0,69.27108164500244
706,Viral Pneumonia-1072,0,255,145.16351047527434,157.0,62.231208414087035
707,Viral Pneumonia-684,0,199,105.07267256518384,98.0,49.749562275613876
708,Viral Pneumonia-1099,0,249,153.49666111117324,173.0,53.73271493037045
709,Viral Pneumonia-109,0,255,143.07146452500533,164.0,64.21607528961934
710,Viral Pneumonia-653,0,251,66.19346539747878,59.0,57.93486809805059
711,Viral Pneumonia-135,0,255,138.32282636659545,157.0,70.74531620676663
712,Viral Pneumonia-121,0,208,140.3761255466941,151.0,49.630740184638775
713,Viral Pneumonia-647,2,245,103.26236842988334,101.0,56.03835551178808
714,Viral Pneumonia-1258,5,208,114.4930593617521,120.0,49.52305943919781
715,Viral Pneumonia-1264,0,254,120.69933222223464,132.0,52.79252741415075
716,Viral Pneumonia-56,0,217,130.58749902126374,159.0,71.20874684723397
717,Viral Pneumonia-492,0,244,119.93901634209908,140.0,74.28787713588127
718,Viral Pneumonia-486,0,255,138.18164226350936,155.0,64.73127372731919
719,Viral Pneumonia-42,0,255,102.09225847585597,114.0,61.2432689370074
720,Viral Pneumonia-1270,0,231,135.83014731378844,141.0,35.01783941942945
721,Viral Pneumonia-479,0,255,134.46715361125715,155.0,68.68237504085094
722,Viral Pneumonia-337,0,244,103.75721748078881,107.0,35.59170947561227
723,Viral Pneumonia-451,0,200,102.77442086777553,107.0,61.00626420886821
724,Viral Pneumonia-95,0,198,87.68593192469883,80.0,65.50666261123645
725,Viral Pneumonia-81,0,255,137.73551749980425,150.0,64.12843105461006
726,Viral Pneumonia-445,0,192,122.15005424995246,134.0,50.15012261717021
727,Viral Pneumonia-323,0,194,112.08478652364067,110.0,43.16419643933936
728,Viral Pneumonia-1338,0,255,129.06460777843648,143.0,66.59102199978666
729,Viral Pneumonia-280,0,237,153.70247536381024,169.0,60.0992489374578
730,Viral Pneumonia-1310,0,255,146.8323508685585,169.0,66.8255046511999
731,Viral Pneumonia-1304,0,255,129.36198700238253,150.0,67.50574972200528
732,Viral Pneumonia-294,0,223,95.98212547958076,97.0,52.348949531456434
733,Viral Pneumonia-519,0,201,136.7521056811445,144.0,45.351828628292814
734,Viral Pneumonia-243,0,232,130.02876925314035,145.0,71.18934610379199
735,Viral Pneumonia-525,0,255,122.74087538170714,134.0,64.11955222591853
736,Viral Pneumonia-531,0,208,145.67274415274997,165.0,55.655601345978674
737,Viral Pneumonia-257,0,255,122.25093679041622,140.0,64.97010923195695
738,Viral Pneumonia-900,0,228,131.08617353273453,144.0,58.177267053741055
739,Viral Pneumonia-914,0,255,145.48312658695093,168.0,70.87120798723373
740,Viral Pneumonia-1112,0,247,116.95387076207201,137.0,74.8834242578977
741,Viral Pneumonia-1106,0,255,119.93113052426706,144.0,77.78202915572088
742,Viral Pneumonia-928,0,255,134.46493887092984,146.0,57.80963614558375
743,Viral Pneumonia-727,0,255,116.66706188968803,138.0,70.15991486723574
744,Viral Pneumonia-733,0,230,99.49819353251083,107.0,59.715247121539576
745,Viral Pneumonia-725,0,211,97.7604836634937,116.0,71.13193907866517
746,Viral Pneumonia-731,0,255,114.99143186317826,134.0,75.3296474282666
747,Viral Pneumonia-719,0,255,148.07583807787384,168.0,69.80311488205211
748,Viral Pneumonia-1110,0,255,138.20135121531078,154.0,63.17853798263436
749,Viral Pneumonia-1104,0,255,128.3791456471404,139.0,64.14506820519311
750,Viral Pneumonia-902,0,221,129.92830057829332,149.0,54.02361214812111
751,Viral Pneumonia-916,0,253,111.62286775315712,127.0,56.63598679029991
752,Viral Pneumonia-1138,0,255,153.82420778291072,162.0,56.099888945801666
753,Viral Pneumonia-527,0,250,140.8466124539994,153.0,61.21357835932025
754,Viral Pneumonia-241,0,253,132.0692162280064,152.0,63.940079730404484
755,Viral Pneumonia-255,0,221,99.19897987718258,118.0,68.51473551707828
756,Viral Pneumonia-533,0,255,115.5275220635116,133.0,70.75413588469517
757,Viral Pneumonia-269,0,255,142.6350488249572,157.0,64.17674063841677
758,Viral Pneumonia-1312,0,255,120.66154740998422,131.0,72.00886145330263
759,Viral Pneumonia-282,0,215,150.19659735349717,165.0,41.93463088241485
760,Viral Pneumonia-296,0,255,141.2250981532645,146.0,43.93614414343174
761,Viral Pneumonia-1306,0,255,126.51449088936366,140.0,70.46735165378698
762,Viral Pneumonia-97,0,255,121.10641939128197,134.0,52.26913161017495
763,Viral Pneumonia-453,0,255,135.93676804510017,157.0,69.05673580251226
764,Viral Pneumonia-335,0,234,142.4183510251563,155.0,61.81415598310891
765,Viral Pneumonia-321,0,255,136.76902942920103,151.0,64.42960976330164
766,Viral Pneumonia-447,0,217,129.103309806378,138.0,50.49390378916272
767,Viral Pneumonia-83,0,255,107.87209315332044,123.0,66.3106389812902
768,Viral Pneumonia-1299,0,255,106.68228543304885,117.0,68.17769809249602
769,Viral Pneumonia-309,0,223,125.29954922204449,137.0,54.72406614580466
770,Viral Pneumonia-490,0,251,118.09709063657006,140.0,69.12839499519451
771,Viral Pneumonia-54,0,255,154.92596279683673,171.0,55.48071422965727
772,Viral Pneumonia-1266,7,223,156.85850270131206,167.0,40.19963633128914
773,Viral Pneumonia-1272,0,255,148.7560206261675,156.0,46.27369639846353
774,Viral Pneumonia-40,0,253,103.46713124014273,96.0,37.35725255959323
775,Viral Pneumonia-484,0,255,129.14902517868927,145.0,64.75723483529241
776,Viral Pneumonia-68,0,225,136.24348720931533,158.0,73.40569421908748
777,Viral Pneumonia-9,0,255,116.17725752508362,117.0,57.63797218333362
778,Viral Pneumonia-137,0,199,96.90965425442668,84.0,40.23395514490879
779,Viral Pneumonia-651,3,212,152.76694891556022,157.0,35.86294337153765
780,Viral Pneumonia-889,0,241,103.64344917842082,110.0,54.69633425515025
781,Viral Pneumonia-645,0,238,163.09789599668906,166.0,56.23765373236576
782,Viral Pneumonia-123,0,255,134.09712419324168,147.0,66.07468063231406
783,Viral Pneumonia-679,0,255,109.85153409917115,120.0,63.72058659074914
784,Viral Pneumonia-1064,0,255,110.47403272894039,122.0,77.23351057708481
785,Viral Pneumonia-692,0,226,100.64125680920795,92.0,47.45767526289535
786,Viral Pneumonia-686,0,255,131.11072583080727,148.0,62.814561006593664
787,Viral Pneumonia-1070,0,255,107.1531302781848,112.0,66.61432840757122
788,Viral Pneumonia-1058,0,255,138.311215758213,155.0,68.8437064125543
789,Viral Pneumonia-876,0,255,117.79827966130132,142.0,74.53597457059989
790,Viral Pneumonia-862,0,254,138.66431024261473,154.0,55.79711663511554
791,Viral Pneumonia-863,0,255,135.4485967718482,147.0,49.075123399486365
792,Viral Pneumonia-1059,0,255,125.28104831042158,142.0,71.19969781180247
793,Viral Pneumonia-877,0,238,114.72078612096061,126.0,63.452179855830266
794,Viral Pneumonia-687,7,255,142.22346506191207,148.0,67.57841486965874
795,Viral Pneumonia-1071,0,255,141.8270936566705,153.0,63.029995028597696
796,Viral Pneumonia-1065,0,235,107.99284124338654,122.0,55.68279798598617
797,Viral Pneumonia-693,2,199,143.5973982393933,150.0,34.60503426515498
798,Viral Pneumonia-678,0,243,131.3408462992584,144.0,56.8224257159532
799,Viral Pneumonia-644,0,221,144.23691010167673,156.0,55.483465282810954
800,Viral Pneumonia-122,0,255,127.78558405386964,146.0,63.56288564873663
801,Viral Pneumonia-136,0,255,116.83115401393721,132.0,62.78209721075112
802,Viral Pneumonia-888,0,254,140.2753213051308,156.0,66.08902489226267
803,Viral Pneumonia-650,0,206,114.77843648281339,104.0,49.24666309412575
804,Viral Pneumonia-69,0,214,121.00662184986746,136.0,63.90028697890529
805,Viral Pneumonia-8,0,255,109.83899508954039,116.0,66.58039593184074
806,Viral Pneumonia-1273,0,255,150.64535072314627,167.0,76.49634386135331
807,Viral Pneumonia-485,0,255,140.97183476694892,154.0,59.26459974431737
808,Viral Pneumonia-41,0,195,139.07609534568965,144.0,38.020564281425656
809,Viral Pneumonia-55,0,255,128.17808525631705,143.0,65.61669507726751
810,Viral Pneumonia-491,0,221,108.81295511235892,121.0,71.13980134332951
811,Viral Pneumonia-1267,0,207,140.00728179774276,162.0,56.9323067337199
812,Viral Pneumonia-308,0,246,121.30085793223789,129.0,61.954882228560976
813,Viral Pneumonia-1298,0,255,142.9529199897093,159.0,64.24728261621078
814,Viral Pneumonia-320,0,198,139.88207067035043,155.0,45.25629494311413
815,Viral Pneumonia-82,0,255,142.5347367479111,154.0,54.24220313855899
816,Viral Pneumonia-446,0,255,146.7600809834342,163.0,63.739135960689175
817,Viral Pneumonia-452,0,255,139.30376617711212,156.0,60.554283595402396
818,Viral Pneumonia-96,0,255,141.45027460542946,155.0,60.673382553794575
819,Viral Pneumonia-334,0,255,85.49453585530364,94.0,46.488926823825075
820,Viral Pneumonia-1307,0,255,116.7961320343173,132.0,75.05796243494191
821,Viral Pneumonia-297,0,198,136.83133298285253,149.0,45.59064024928483
822,Viral Pneumonia-283,0,248,127.03144260131319,145.0,57.239865823695226
823,Viral Pneumonia-1313,0,255,125.77127772619993,140.0,65.39316686903824
824,Viral Pneumonia-268,0,226,156.30095860225276,171.0,48.03045215555948
825,Viral Pneumonia-254,0,255,163.91705909329875,179.0,55.817577033965094
826,Viral Pneumonia-532,0,255,135.11243722106016,151.0,71.4594581111888
827,Viral Pneumonia-526,0,190,82.11766087627655,74.0,54.25007657335746
828,Viral Pneumonia-240,0,208,118.57422176485721,131.0,64.24841765409404
829,Viral Pneumonia-917,0,225,115.25041106922741,131.0,61.11232427425348
830,Viral Pneumonia-1139,0,255,161.45141553226475,173.0,58.02296453483814
831,Viral Pneumonia-903,0,227,120.47241082314515,134.0,70.3761770910968
832,Viral Pneumonia-1105,0,255,120.25349828301697,141.0,74.09357015092472
833,Viral Pneumonia-1111,0,255,126.88520262636884,146.0,74.78789422829914
834,Viral Pneumonia-718,0,255,144.06914911466313,155.0,56.07691106098081
835,Viral Pneumonia-730,0,255,155.13352199639826,166.0,49.93182891409873
836,Viral Pneumonia-724,0,221,111.01848972606571,127.0,68.76249092599939
837,Viral Pneumonia-708,0,255,131.57087728325186,141.0,60.29809388471083
838,Viral Pneumonia-720,0,237,111.20165322535541,125.0,58.34667072789883
839,Viral Pneumonia-734,0,255,135.65333721099316,153.0,74.50682647880264
840,Viral Pneumonia-907,0,255,141.37292647733247,159.0,52.246408410224156
841,Viral Pneumonia-1129,0,255,121.76062907573741,145.0,77.93787616316061
842,Viral Pneumonia-913,0,255,131.909296316596,151.0,68.43036948028012
843,Viral Pneumonia-1115,0,255,129.0760506034608,142.0,49.1577881617488
844,Viral Pneumonia-1101,0,235,152.85495687967696,166.0,45.82002809735173
845,Viral Pneumonia-278,0,236,147.6816925985168,160.0,50.60697331278198
846,Viral Pneumonia-244,0,255,102.271630071252,108.0,65.99982422850904
847,Viral Pneumonia-522,9,222,164.86237290410622,175.0,31.850196442663066
848,Viral Pneumonia-536,0,223,117.40719902461942,132.0,67.7637635869672
849,Viral Pneumonia-250,0,209,123.28805046923412,152.0,69.40654161191739
850,Viral Pneumonia-1317,0,254,126.99897092873681,152.0,76.94944683280215
851,Viral Pneumonia-287,0,255,132.0514983053881,149.0,71.49991447750958
852,Viral Pneumonia-293,0,254,129.22657464681603,150.0,78.33958198318601
853,Viral Pneumonia-1303,0,255,143.11632979496875,163.0,74.31499885125893
854,Viral Pneumonia-318,1,220,148.39184125457209,170.0,51.68684496773706
855,Viral Pneumonia-1288,0,255,137.30103690115322,151.0,71.82938862914526
856,Viral Pneumonia-330,1,202,123.44657218599345,129.0,47.40471967986054
857,Viral Pneumonia-92,5,198,131.22091475486852,143.0,46.030421092225275
858,Viral Pneumonia-456,0,238,126.73719533338553,146.0,61.04150789516013
859,Viral Pneumonia-442,0,252,135.9435017505397,156.0,72.47413525571258
860,Viral Pneumonia-86,0,255,144.5574098723728,157.0,64.14541339762872
861,Viral Pneumonia-324,0,255,114.45580027069049,123.0,53.12471285456323
862,Viral Pneumonia-79,0,255,143.50856254404314,161.0,64.66183472190487
863,Viral Pneumonia-1263,0,241,115.66712900303129,126.0,55.84850113219494
864,Viral Pneumonia-495,0,179,120.43294817731345,132.0,32.082255690095096
865,Viral Pneumonia-51,0,253,151.31721121687676,163.0,42.783152406692274
866,Viral Pneumonia-45,3,232,134.72160266663684,148.0,53.005731440680734
867,Viral Pneumonia-481,0,255,141.19317457299135,158.0,68.10832511531271
868,Viral Pneumonia-1277,0,255,134.86370398541402,151.0,61.46360361129951
869,Viral Pneumonia-668,0,250,128.00256149260076,137.0,56.04211839869003
870,Viral Pneumonia-654,2,205,146.02837775863804,153.0,35.65738806889815
871,Viral Pneumonia-132,0,255,128.76212794040336,155.0,74.99720105385877
872,Viral Pneumonia-126,26,216,129.32674131161843,135.0,37.24742700732303
873,Viral Pneumonia-640,0,212,95.39629310634109,90.0,50.93989525968016
874,Viral Pneumonia-898,0,191,132.68271048422278,148.0,47.09332848916077
875,Viral Pneumonia-873,0,255,139.576302278498,159.0,72.901332844697
876,Viral Pneumonia-1049,0,242,133.38539837361998,154.0,70.65382809399439
877,Viral Pneumonia-867,0,243,131.98568248677307,145.0,58.694180361882424
878,Viral Pneumonia-697,5,204,153.6390979966667,175.0,49.721462228964185
879,Viral Pneumonia-1061,0,232,143.77141195288644,153.0,59.5204929540597
880,Viral Pneumonia-1075,0,255,155.1119786132146,168.0,61.087307996365205
881,Viral Pneumonia-683,0,255,115.82292144383173,128.0,71.98564390002203
882,Viral Pneumonia-1074,0,242,162.12766076442097,187.0,59.155766453757
883,Viral Pneumonia-682,12,214,150.95554859565328,161.0,45.57656293172231
884,Viral Pneumonia-696,0,221,157.203722553439,184.0,61.243202779598256
885,Viral Pneumonia-1060,0,255,126.95363586537063,140.0,75.90378575326477
886,Viral Pneumonia-1048,0,255,137.67626760327065,154.0,76.57749641874591
887,Viral Pneumonia-866,0,237,120.49889822261495,127.0,47.22853851418609
888,Viral Pneumonia-872,0,221,94.47979329090279,108.0,67.8233105302874
889,Viral Pneumonia-127,0,201,120.53979261976936,137.0,54.11964826489301
890,Viral Pneumonia-899,0,255,123.98489949776848,135.0,61.62648746591541
891,Viral Pneumonia-641,0,235,138.38981666871734,153.0,63.66998167305788
892,Viral Pneumonia-655,28,182,122.94680148991623,123.0,28.919843057830125
893,Viral Pneumonia-133,0,255,129.62759924385634,144.0,59.0954256541665
894,Viral Pneumonia-669,24,227,159.97505620742498,174.0,43.666713577361094
895,Viral Pneumonia-480,0,255,124.46648247782463,145.0,69.19532463271472
896,Viral Pneumonia-44,0,213,101.19195534725563,96.0,48.568367593916015
897,Viral Pneumonia-1276,0,255,138.42864173778815,150.0,57.491484220022734
898,Viral Pneumonia-1262,0,250,130.65570854912139,144.0,54.20887889938195
899,Viral Pneumonia-50,0,255,162.59318128432568,179.0,64.05131903524563
900,Viral Pneumonia-494,0,255,89.62422120557936,93.0,58.14686466908479
901,Viral Pneumonia-78,0,226,129.15110569233008,152.0,65.70740888370591
902,Viral Pneumonia-87,0,255,110.96615250388697,126.0,62.77370092969711
903,Viral Pneumonia-443,0,255,119.92768537264683,128.0,58.689754106844674
904,Viral Pneumonia-325,0,242,142.4220981868212,150.0,54.60808092025659
905,Viral Pneumonia-331,0,254,121.02637554389771,128.0,50.61943475962153
906,Viral Pneumonia-457,0,255,120.61847182917417,135.0,73.737445998178
907,Viral Pneumonia-93,0,252,135.49535240097987,159.0,75.86455587212205
908,Viral Pneumonia-1289,0,254,127.75768727419157,142.0,77.23734956265449
909,Viral Pneumonia-319,0,208,142.47055402064854,144.0,37.780054246813556
910,Viral Pneumonia-1302,0,255,133.73075245243342,151.0,79.81880339074566
911,Viral Pneumonia-292,0,255,132.51199651010614,154.0,78.72099830929307
912,Viral Pneumonia-286,0,255,147.65474659120144,165.0,60.293750911801574
913,Viral Pneumonia-1316,0,255,180.87317815236966,203.0,61.95705189757707
914,Viral Pneumonia-537,0,224,128.4208118477422,147.0,67.17444894414467
915,Viral Pneumonia-251,0,225,137.1935213252648,153.0,62.29303544307646
916,Viral Pneumonia-245,0,255,120.5426113801859,133.0,60.803157196265765
917,Viral Pneumonia-523,0,255,132.40242279169138,152.0,60.51614671946586
918,Viral Pneumonia-279,0,252,129.2814957327099,145.0,68.2518652432781
919,Viral Pneumonia-1100,0,255,128.4904419413653,149.0,61.43580776437941
920,Viral Pneumonia-1114,0,255,125.40486124316283,148.0,58.57384907856204
921,Viral Pneumonia-912,0,255,135.61446739969352,147.0,59.01075420310409
922,Viral Pneumonia-906,0,255,114.94710349996085,137.0,70.50700487315069
923,Viral Pneumonia-1128,0,255,105.76436505184506,121.0,68.12098311502494
924,Viral Pneumonia-735,0,255,135.58470263196162,154.0,67.42053449089953
925,Viral Pneumonia-721,0,243,107.41043165065268,120.0,54.6688733061626
926,Viral Pneumonia-709,0,255,146.75842552096734,161.0,63.77635528316517
927,Viral Pneumonia-737,0,255,111.68020491940806,124.0,62.47289436353893
928,Viral Pneumonia-723,0,255,122.25647364123444,144.0,73.36597817344179
929,Viral Pneumonia-910,0,255,115.39427970604356,142.0,72.89232457174562
930,Viral Pneumonia-904,0,225,140.18089283117638,160.0,64.5588667738669
931,Viral Pneumonia-1102,0,255,124.7502600642051,138.0,64.22876878484038
932,Viral Pneumonia-1116,0,255,87.54161586559434,93.0,57.85548919878835
933,Viral Pneumonia-938,0,224,156.33544367512667,179.0,56.78463187395433
934,Viral Pneumonia-509,0,230,106.34558897551481,124.0,66.38351456293306
935,Viral Pneumonia-253,0,255,132.0460061967987,148.0,64.4737711709833
936,Viral Pneumonia-535,0,217,101.11122918088165,120.0,76.43128921365849
937,Viral Pneumonia-521,0,255,135.95203633068982,151.0,61.745387009805874
938,Viral Pneumonia-247,0,190,121.1810494289773,137.0,42.41572146912334
939,Viral Pneumonia-1328,0,255,119.41266876209438,136.0,60.3501603961233
940,Viral Pneumonia-290,0,255,100.36557756624646,105.0,60.4244492601546
941,Viral Pneumonia-1300,0,255,130.9120591492265,152.0,68.19675491138506
942,Viral Pneumonia-1314,0,255,111.69783335756871,124.0,58.6516431904356
943,Viral Pneumonia-284,0,237,141.09684455431147,161.0,72.3925502333626
944,Viral Pneumonia-469,0,219,161.75004753861813,188.0,55.5733682942524
945,Viral Pneumonia-327,0,170,84.70866097694656,80.0,36.121546461441426
946,Viral Pneumonia-441,0,255,134.277636715473,146.0,62.99119872898973
947,Viral Pneumonia-85,0,255,133.7721613852194,155.0,68.32915903231614
948,Viral Pneumonia-91,0,255,142.80567331461617,162.0,72.655893498022
949,Viral Pneumonia-455,0,255,99.0693392691357,120.0,72.77991510755525
950,Viral Pneumonia-333,0,249,118.0998982114294,129.0,60.80025555348521
951,Viral Pneumonia-1248,0,242,125.15384615384616,132.0,58.835426862183326
952,Viral Pneumonia-1274,0,255,120.7308754935627,132.0,66.16555966788391
953,Viral Pneumonia-46,11,234,154.43140457041866,168.0,57.87820059447218
954,Viral Pneumonia-482,0,255,139.30303911589357,163.0,70.13812967180897
955,Viral Pneumonia-496,0,255,116.71938792630955,140.0,69.54882358323964
956,Viral Pneumonia-52,7,246,140.75692665630137,160.0,54.48770994798923
957,Viral Pneumonia-1260,10,206,137.05527902372458,148.0,50.2976572851572
958,Viral Pneumonia-1089,0,255,135.61353899844522,154.0,73.81978800292974
959,Viral Pneumonia-119,0,255,83.84972203890337,87.0,61.35450712109203
960,Viral Pneumonia-643,0,255,165.55074328027652,188.0,59.069006861892525
961,Viral Pneumonia-125,5,232,131.00453015066947,158.0,65.22791521000744
962,Viral Pneumonia-131,0,255,127.7497343430163,151.0,74.9145537398033
963,Viral Pneumonia-657,0,230,80.25820740260176,76.0,39.94254404465789
964,Viral Pneumonia-864,0,255,150.98874732944822,162.0,49.66251791683899
965,Viral Pneumonia-870,0,255,136.12723571324705,158.0,68.03198018745542
966,Viral Pneumonia-858,0,255,106.0662073131173,119.0,51.3316078240333
967,Viral Pneumonia-680,21,217,157.068712877932,182.0,52.85912779836628
968,Viral Pneumonia-1076,0,255,124.88850236574535,147.0,70.17579491411286
969,Viral Pneumonia-1062,0,255,122.79563986980011,135.0,71.6275984632028
970,Viral Pneumonia-694,0,255,109.16450598986589,116.0,62.69740713783141
971,Viral Pneumonia-1063,0,255,138.50939027527656,151.0,64.70144877076318
972,Viral Pneumonia-695,0,204,115.14465162582074,121.0,54.33270459714855
973,Viral Pneumonia-681,1,225,168.11582644489434,189.0,46.41955212263029
974,Viral Pneumonia-859,0,255,136.2227380006935,156.0,66.50891684529837
975,Viral Pneumonia-1077,0,255,131.21731300544738,149.0,74.88171812165069
976,Viral Pneumonia-871,0,210,92.23797272961153,109.0,70.3852691113382
977,Viral Pneumonia-865,0,255,123.59348329437032,140.0,62.073412899401816
978,Viral Pneumonia-130,0,255,129.42943591235,142.0,58.9432615731525
979,Viral Pneumonia-656,0,240,95.73992460934441,88.0,44.23507081991583
980,Viral Pneumonia-642,1,238,99.880437578998,95.0,48.14290380037504
981,Viral Pneumonia-124,0,255,116.61146967036163,137.0,58.7849004085716
982,Viral Pneumonia-118,0,212,131.9375845907764,153.0,60.20982796565368
983,Viral Pneumonia-1088,0,255,136.87185825661905,162.0,76.48997019339343
984,Viral Pneumonia-53,0,255,126.68731893379268,144.0,70.91468047084139
985,Viral Pneumonia-497,0,255,126.60613415957316,148.0,66.22945275521455
986,Viral Pneumonia-1261,3,213,137.5684388317804,148.0,50.191315899360035
987,Viral Pneumonia-1275,0,255,138.70288922942697,159.0,71.44504761987248
988,Viral Pneumonia-483,0,255,146.0966096576101,161.0,58.13745694073363
989,Viral Pneumonia-47,0,224,152.0960727508641,172.0,59.60961839686513
990,Viral Pneumonia-1249,1,237,117.25477343653874,120.0,41.35305159724575
991,Viral Pneumonia-454,0,209,125.96810997639848,138.0,54.89044173801169
992,Viral Pneumonia-90,0,255,128.87053836086844,149.0,60.012508027886916
993,Viral Pneumonia-332,3,204,152.33622666413126,159.0,41.49622235929542
994,Viral Pneumonia-326,0,228,118.8289169024955,134.0,72.86228861752154
995,Viral Pneumonia-84,4,218,140.19248106844444,169.0,65.39012044208899
996,Viral Pneumonia-440,0,216,126.870996968714,141.0,59.14766214260947
997,Viral Pneumonia-468,0,216,139.96836724421428,165.0,63.242983258266015
998,Viral Pneumonia-285,0,255,114.91542600194629,131.0,67.54477454750838
999,Viral Pneumonia-1315,0,255,116.33781501325488,129.0,76.83444979094237
1000,Viral Pneumonia-1301,0,255,134.71994720416998,152.0,70.81905954187394
1001,Viral Pneumonia-291,0,230,128.39898882562835,144.0,72.67272002969216
1002,Viral Pneumonia-1329,0,255,117.41729958277871,126.0,65.76903788976557
1003,Viral Pneumonia-520,0,198,115.04913815281708,122.0,48.62039200730286
1004,Viral Pneumonia-246,0,252,130.78680327960538,145.0,51.704292261066655
1005,Viral Pneumonia-252,0,255,119.70474603192358,133.0,73.17012558076816
1006,Viral Pneumonia-534,0,255,149.90780863748728,170.0,66.38140942712059
1007,Viral Pneumonia-508,0,248,96.80105367948904,103.0,60.292717396196274
1008,Viral Pneumonia-1117,0,255,141.07714678806724,159.0,73.15565085797256
1009,Viral Pneumonia-939,0,255,130.77454390890483,135.0,59.44045735217339
1010,Viral Pneumonia-1103,0,255,133.4861131307256,153.0,67.24971432666176
1011,Viral Pneumonia-905,0,255,123.5570295634277,146.0,57.144742043453455
1012,Viral Pneumonia-911,0,255,137.78909631883312,155.0,60.18862648143631
1013,Viral Pneumonia-722,0,251,121.4732721110502,148.0,76.62311621354775
1014,Viral Pneumonia-736,0,255,106.88822272681513,122.0,67.98980047509795
1015,Viral Pneumonia-989,0,236,120.36246798134249,129.0,53.988559196992085
1016,Viral Pneumonia-751,0,255,122.01359045200837,147.0,73.13530240358477
1017,Viral Pneumonia-745,20,212,141.01187906175545,151.0,46.486405893219654
1018,Viral Pneumonia-779,0,255,118.90723817406965,141.0,69.4081354337876
1019,Viral Pneumonia-792,6,226,165.17640742273576,172.0,40.68820211526902
1020,Viral Pneumonia-1164,0,255,141.98224852071007,166.0,75.81267604180167
1021,Viral Pneumonia-1170,0,255,137.61245399939597,154.0,64.34010825834532
1022,Viral Pneumonia-786,0,255,133.64184964374002,150.0,59.01675911882239
1023,Viral Pneumonia-976,0,242,130.73013724678694,148.0,57.33327976425436
1024,Viral Pneumonia-1158,0,255,95.94164494804309,94.0,69.55234577999431
1025,Viral Pneumonia-962,0,202,110.89343519647431,104.0,50.676285624872826
1026,Viral Pneumonia-235,0,201,118.8700909385801,127.0,56.041848432201256
1027,Viral Pneumonia-553,0,255,131.77971163633515,149.0,59.781245501305726
1028,Viral Pneumonia-547,0,217,165.30500777396227,179.0,36.92679581267135
1029,Viral Pneumonia-221,0,203,112.15421527723403,121.0,60.132706605547256
1030,Viral Pneumonia-209,0,207,126.36216597129786,144.0,60.55025326668811
1031,Viral Pneumonia-590,0,220,84.6318833122672,90.0,67.50165817881675
1032,Viral Pneumonia-584,0,255,144.7625977338061,164.0,65.92761223555017
1033,Viral Pneumonia-341,0,215,120.42927931454905,119.0,43.27226077878653
1034,Viral Pneumonia-427,0,216,127.45431259158175,147.0,65.29542365772956
1035,Viral Pneumonia-433,0,220,134.95941879844744,146.0,60.26612446478496
1036,Viral Pneumonia-355,0,244,130.4609344414492,137.0,59.227647299977356
1037,Viral Pneumonia-369,0,227,110.16695562689455,125.0,78.05185521245006
1038,Viral Pneumonia-1212,0,255,132.41533092471002,148.0,53.57802134017067
1039,Viral Pneumonia-382,0,215,143.00328855381932,156.0,49.93328521174983
1040,Viral Pneumonia-20,0,239,127.78547219829755,132.0,43.183502079633804
1041,Viral Pneumonia-34,0,253,96.32887775304526,98.0,60.529120006008256
1042,Viral Pneumonia-396,0,255,121.60429972819097,135.0,60.448226198537846
1043,Viral Pneumonia-1206,4,237,90.69779980089709,83.0,45.80593587569292
1044,Viral Pneumonia-625,0,255,73.38500687911768,80.0,40.563904154784325
1045,Viral Pneumonia-143,0,253,130.34632722229057,138.0,48.98251979322993
1046,Viral Pneumonia-157,0,196,82.08512209035693,69.0,43.95774434491228
1047,Viral Pneumonia-631,1,243,113.40147201932864,122.0,52.24188420018396
1048,Viral Pneumonia-619,0,255,109.32468316909207,118.0,58.88654704409658
1049,Viral Pneumonia-180,0,220,116.72244158342748,130.0,63.66899010645744
1050,Viral Pneumonia-1010,0,253,166.71773246384268,190.0,60.64100718328544
1051,Viral Pneumonia-1004,0,191,119.68005950716434,124.0,39.65488807206781
1052,Viral Pneumonia-194,0,223,130.2576145680697,154.0,67.45930077363873
1053,Viral Pneumonia-802,0,237,124.88160087694769,139.0,58.05128140587116
1054,Viral Pneumonia-1038,0,255,99.72943255668281,105.0,65.06932168440484
1055,Viral Pneumonia-816,0,219,115.24980704913816,131.0,59.167147237030534
1056,Viral Pneumonia-1039,0,255,141.5413138555497,171.0,71.40880046220272
1057,Viral Pneumonia-817,4,208,103.15187749577746,102.0,43.91435804711685
1058,Viral Pneumonia-803,30,203,134.41442489457611,143.0,30.16185010192641
1059,Viral Pneumonia-195,0,226,129.82571783313387,164.0,71.8156323943644
1060,Viral Pneumonia-1005,7,216,134.4256775651279,148.0,57.411950899337654
1061,Viral Pneumonia-1011,0,255,145.58464670417555,158.0,60.24496657895326
1062,Viral Pneumonia-181,0,204,136.50861847182918,149.0,44.28569673125172
1063,Viral Pneumonia-618,0,249,91.8576190422926,94.0,39.69877753540965
1064,Viral Pneumonia-156,0,254,100.60427735707654,106.0,53.885073713997734
1065,Viral Pneumonia-630,0,255,142.69856041878725,165.0,66.20138830104399
1066,Viral Pneumonia-624,9,205,135.5304191228286,147.0,50.70871659835304
1067,Viral Pneumonia-142,1,152,71.15660898647666,66.0,31.841974957546096
1068,Viral Pneumonia-35,0,250,163.07677766467935,190.0,63.66820307111358
1069,Viral Pneumonia-1207,0,255,120.92793145490542,134.0,59.488905563565126
1070,Viral Pneumonia-397,0,250,137.91741703112942,155.0,64.33102459105794
1071,Viral Pneumonia-383,0,229,129.9443071106587,145.0,50.736301589933255
1072,Viral Pneumonia-1213,0,254,107.93596268498115,118.0,48.50071265733052
1073,Viral Pneumonia-21,0,255,108.999463093254,118.0,56.67227820226006
1074,Viral Pneumonia-368,0,247,116.21306249370812,124.0,58.1671746193038
1075,Viral Pneumonia-432,0,255,122.30858715226898,140.0,66.92832331634456
1076,Viral Pneumonia-354,4,206,86.46161676043891,76.0,43.279574391010904
1077,Viral Pneumonia-340,0,247,91.12568092079506,100.0,46.657827570091676
1078,Viral Pneumonia-426,0,255,123.22307356740976,138.0,60.576440952063756
1079,Viral Pneumonia-585,0,255,108.5554523998613,119.0,48.68364953523208
1080,Viral Pneumonia-591,0,250,142.9383787653382,166.0,70.43888952576269
1081,Viral Pneumonia-208,0,192,122.65497030234562,143.0,55.19407013797417
1082,Viral Pneumonia-546,0,255,137.7430341942484,157.0,66.75589035298178
1083,Viral Pneumonia-220,1,200,124.24246932360936,138.0,50.171153802884895
1084,Viral Pneumonia-234,0,208,149.79029317345444,166.0,51.1009888731936
1085,Viral Pneumonia-552,0,242,135.4896477668035,146.0,59.394498702244825
1086,Viral Pneumonia-963,0,205,128.89766333709915,139.0,57.66542873652191
1087,Viral Pneumonia-977,0,224,133.49912193375914,148.0,56.35107024604062
1088,Viral Pneumonia-1159,0,255,145.17587051598974,164.0,66.96131591928723
1089,Viral Pneumonia-1171,0,225,83.02502209147549,82.0,42.25260429644951
1090,Viral Pneumonia-787,0,212,133.8978646771289,151.0,58.168395983351765
1091,Viral Pneumonia-793,0,255,118.69621145177346,131.0,57.56340681209274
1092,Viral Pneumonia-1165,0,219,119.64853860695071,140.0,68.62436158214277
1093,Viral Pneumonia-778,0,242,132.2935425778235,141.0,51.79643996850484
1094,Viral Pneumonia-744,0,255,141.1914072549524,160.0,68.94925399769907
1095,Viral Pneumonia-750,8,213,159.17401371349314,168.0,31.876921046741266
1096,Viral Pneumonia-988,0,228,74.98918356617935,68.0,40.568067578747716
1097,Viral Pneumonia-746,0,224,123.78230668560754,143.0,69.88996278153412
1098,Viral Pneumonia-752,0,215,127.54932271451102,141.0,56.190273527453655
1099,Viral Pneumonia-1198,0,255,111.9029988478876,137.0,66.2855121179867
1100,Viral Pneumonia-785,0,230,117.7155289090726,124.0,44.80338304032139
1101,Viral Pneumonia-1173,0,237,122.99793067191642,139.0,55.86200399675414
1102,Viral Pneumonia-1167,0,222,78.87554949049787,86.0,54.094250251232474
1103,Viral Pneumonia-791,0,227,94.74669187145558,110.0,65.25625371434361
1104,Viral Pneumonia-949,0,224,92.22761490363642,89.0,46.94287780513747
1105,Viral Pneumonia-961,0,209,103.74562924352077,102.0,44.459518286693054
1106,Viral Pneumonia-975,0,255,105.67480229527634,106.0,65.18896700938497
1107,Viral Pneumonia-222,26,210,172.32334090222705,185.0,31.31645782838985
1108,Viral Pneumonia-544,0,255,137.1805013366741,150.0,61.77366715466837
1109,Viral Pneumonia-550,0,255,127.30803905996578,147.0,72.54799280916278
1110,Viral Pneumonia-236,0,216,121.76785494569413,129.0,51.51417002250658
1111,Viral Pneumonia-578,0,232,109.1318889050458,128.0,59.02652019972481
1112,Viral Pneumonia-587,0,222,143.8846433485084,153.0,39.866149374648984
1113,Viral Pneumonia-593,0,219,107.40634892227156,120.0,57.9954826097334
1114,Viral Pneumonia-356,0,254,112.81352557577655,124.0,53.68143236801318
1115,Viral Pneumonia-430,0,201,137.75953289113096,155.0,49.514402889812544
1116,Viral Pneumonia-424,0,204,82.06561447858525,91.0,50.05023115308107
1117,Viral Pneumonia-342,0,195,97.82921891254013,91.0,44.306127396199166
1118,Viral Pneumonia-418,0,226,117.48670596525766,134.0,72.21035934546633
1119,Viral Pneumonia-395,0,234,119.24104875784387,136.0,75.15287874684711
1120,Viral Pneumonia-1205,0,255,118.50239930202123,124.0,53.19748292677501
1121,Viral Pneumonia-37,0,251,154.34552186217155,174.0,57.42846603749923
1122,Viral Pneumonia-23,0,204,146.21083656782363,160.0,51.236051499409186
1123,Viral Pneumonia-1211,0,255,121.9390275276563,134.0,48.91533363864275
1124,Viral Pneumonia-381,0,251,105.33809465218509,113.0,48.65217066570313
1125,Viral Pneumonia-1239,0,255,87.44066621178735,87.0,41.41210045793904
1126,Viral Pneumonia-632,10,245,116.00262860594401,125.0,47.090129548738396
1127,Viral Pneumonia-154,0,234,105.07527880001342,111.0,51.52906329308297
1128,Viral Pneumonia-140,0,207,130.64358340510734,138.0,36.451577764513274
1129,Viral Pneumonia-626,0,189,107.2283755215266,108.0,45.892309766123276
1130,Viral Pneumonia-168,0,246,107.12674354872988,115.0,50.396568170726106
1131,Viral Pneumonia-829,0,255,137.3928926969497,152.0,61.38661546683218
1132,Viral Pneumonia-1007,15,209,163.14036755740986,171.0,37.5028820758791
1133,Viral Pneumonia-197,0,255,145.69539490609725,163.0,63.362461468969975
1134,Viral Pneumonia-183,0,255,125.72693817742531,149.0,76.2857865919056
1135,Viral Pneumonia-1013,0,255,132.7471392937439,149.0,73.9959079251674
1136,Viral Pneumonia-815,2,221,154.51409939486135,156.0,37.86969687532777
1137,Viral Pneumonia-801,0,208,84.53786870392949,92.0,52.48882281882342
1138,Viral Pneumonia-800,0,255,84.02296394894911,84.0,52.15300947500489
1139,Viral Pneumonia-814,0,222,119.21970671468999,136.0,60.943287939901836
1140,Viral Pneumonia-1012,0,255,91.38625966152505,103.0,61.93345331098384
1141,Viral Pneumonia-182,0,247,136.31204348944644,161.0,72.54206644838192
1142,Viral Pneumonia-828,0,197,115.61599982103108,137.0,62.84443132587279
1143,Viral Pneumonia-196,0,251,142.4003534636078,152.0,44.301305895671035
1144,Viral Pneumonia-1006,0,197,113.40449211977494,128.0,57.3319050413205
1145,Viral Pneumonia-169,0,241,113.38536481694835,118.0,59.05438417871673
1146,Viral Pneumonia-141,0,255,118.45596805404861,129.0,58.17883619879224
1147,Viral Pneumonia-627,0,255,127.75613248173958,136.0,54.23879747562589
1148,Viral Pneumonia-633,0,232,137.6323866623416,150.0,47.79180161121361
1149,Viral Pneumonia-155,0,255,158.5667050704131,181.0,55.32678265732306
1150,Viral Pneumonia-1238,4,211,152.2042482746278,166.0,42.71730360755173
1151,Viral Pneumonia-22,0,249,112.46019619467344,128.0,60.423721172536595
1152,Viral Pneumonia-380,0,225,110.66235277010324,120.0,48.18887773649788
1153,Viral Pneumonia-1210,0,218,147.97698012326484,169.0,55.99128503626465
1154,Viral Pneumonia-1204,0,245,101.26787172402993,110.0,56.79555068842943
1155,Viral Pneumonia-394,0,219,138.92361382982293,150.0,50.7856272471565
1156,Viral Pneumonia-36,0,248,144.88205948479325,162.0,55.93879398153752
1157,Viral Pneumonia-419,0,254,129.85424100401562,145.0,71.56031441263967
1158,Viral Pneumonia-425,0,255,118.64405319851008,134.0,63.07401450438976
1159,Viral Pneumonia-343,37,187,124.87082918535587,133.0,34.852598789957675
1160,Viral Pneumonia-357,9,209,140.49311528953814,161.0,54.66481244850893
1161,Viral Pneumonia-431,0,220,113.79753022896836,119.0,52.77223898880098
1162,Viral Pneumonia-592,0,240,109.31949307054731,120.0,53.866601086623504
1163,Viral Pneumonia-586,0,180,117.1972908580441,129.0,38.45014927836699
1164,Viral Pneumonia-579,0,255,142.46495005648706,161.0,64.92486529856303
1165,Viral Pneumonia-551,0,205,139.8189617565799,151.0,48.2394892224636
1166,Viral Pneumonia-237,0,216,69.21515419290613,62.0,46.128606169791205
1167,Viral Pneumonia-223,0,255,142.2382299974273,156.0,64.01235222279234
1168,Viral Pneumonia-545,0,255,138.21587006856745,158.0,67.40009427754794
1169,Viral Pneumonia-974,0,255,118.29463876242995,122.0,66.88328781956272
1170,Viral Pneumonia-960,0,255,123.46479345868615,135.0,69.73748282967676
1171,Viral Pneumonia-1166,0,255,118.62589903916063,139.0,68.96684794859594
1172,Viral Pneumonia-948,0,255,95.35759107839957,109.0,58.75493153930404
1173,Viral Pneumonia-790,32,205,157.54241004015614,169.0,30.705812471316204
1174,Viral Pneumonia-784,0,222,135.47616917036723,159.0,65.96016616507704
1175,Viral Pneumonia-1172,0,252,93.0635675216161,104.0,69.01999791144922
1176,Viral Pneumonia-1199,0,255,132.38942517421506,150.0,61.32714291394729
1177,Viral Pneumonia-753,11,215,153.13183297725976,161.0,32.67396952364798
1178,Viral Pneumonia-747,0,255,132.5177235153969,153.0,71.80526955374717
1179,Viral Pneumonia-1189,0,255,108.53324906880236,131.0,63.821487288874884
1180,Viral Pneumonia-743,0,251,123.71403004440666,145.0,67.19169562983552
1181,Viral Pneumonia-757,0,255,138.5174326909095,162.0,65.34781856244172
1182,Viral Pneumonia-964,0,219,146.6615026677554,166.0,55.44405491481626
1183,Viral Pneumonia-970,0,179,113.38151698526862,118.0,37.21915054464693
1184,Viral Pneumonia-1176,0,244,108.534356438966,123.0,70.16511300185306
1185,Viral Pneumonia-780,0,255,126.48220937125983,135.0,67.15954155450953
1186,Viral Pneumonia-958,0,255,97.90792049305936,106.0,39.11284171318223
1187,Viral Pneumonia-794,0,218,110.07439514099394,121.0,65.84082911336162
1188,Viral Pneumonia-1162,0,255,133.4028478428653,148.0,62.47105403999047
1189,Viral Pneumonia-569,0,255,151.92823346495007,170.0,65.68977940710965
1190,Viral Pneumonia-541,13,197,140.30430308385812,153.0,42.12952164913448
1191,Viral Pneumonia-227,0,255,143.59314772765404,153.0,45.22739773736566
1192,Viral Pneumonia-233,0,226,135.7101710271697,169.0,68.08368993408646
1193,Viral Pneumonia-555,0,255,146.08932785986735,153.0,51.12078727307087
1194,Viral Pneumonia-582,0,255,133.99747206407088,152.0,66.00863243399935
1195,Viral Pneumonia-596,0,214,128.99668907506629,147.0,53.86091812584211
1196,Viral Pneumonia-409,10,230,154.03600630865427,170.0,47.113403031654634
1197,Viral Pneumonia-435,0,255,130.15503182291025,139.0,54.639293885575576
1198,Viral Pneumonia-353,0,195,119.23481840247872,122.0,34.20730806786785
1199,Viral Pneumonia-347,0,227,114.73768749790271,121.0,49.121118927265286
1200,Viral Pneumonia-421,0,247,119.44588986700373,134.0,67.26014960164157
1201,Viral Pneumonia-1228,0,220,114.76726211116207,115.0,47.38205223833439
1202,Viral Pneumonia-32,0,249,110.51713068086487,122.0,63.885553839485276
1203,Viral Pneumonia-390,18,200,141.10740372031634,148.0,34.51584588370667
1204,Viral Pneumonia-1200,0,255,155.09842171787787,169.0,57.30615657643509
1205,Viral Pneumonia-1214,2,226,99.12446169505934,104.0,51.00913483384685
1206,Viral Pneumonia-384,0,254,102.49461415420409,113.0,56.14846242143907
1207,Viral Pneumonia-26,0,229,142.49782440912293,159.0,53.004627118133236
1208,Viral Pneumonia-179,0,225,133.77448798111877,153.0,60.326939522335216
1209,Viral Pneumonia-151,26,212,164.85172425364368,175.0,32.255573722722595
1210,Viral Pneumonia-637,0,255,116.96466482477824,127.0,51.57558616980932
1211,Viral Pneumonia-623,0,255,114.7266697240523,120.0,60.86546596706013
1212,Viral Pneumonia-145,2,213,137.4336640529748,158.0,54.69274452496381
1213,Viral Pneumonia-810,0,255,136.7390073936533,153.0,66.47311668212075
1214,Viral Pneumonia-804,0,226,96.3102873569647,109.0,67.14133234167545
1215,Viral Pneumonia-1002,0,251,115.76105412691133,126.0,63.29411809817973
1216,Viral Pneumonia-192,0,255,128.98441851880852,143.0,55.00794201569576
1217,Viral Pneumonia-838,0,255,131.40620351002786,142.0,55.029597432156336
1218,Viral Pneumonia-186,0,200,130.57257748794757,135.0,46.102111877147195
1219,Viral Pneumonia-1016,0,255,127.30232324023221,140.0,66.84392910282773
1220,Viral Pneumonia-839,0,210,111.85314481940918,126.0,59.47470085143705
1221,Viral Pneumonia-1017,0,253,142.983478932003,160.0,53.95215377242401
1222,Viral Pneumonia-187,0,255,127.173577476762,150.0,76.3401078399714
1223,Viral Pneumonia-193,0,255,136.5681927495218,158.0,70.19253606986479
1224,Viral Pneumonia-1003,0,243,121.90118678761982,129.0,57.312855291490344
1225,Viral Pneumonia-805,1,217,146.41339582331292,169.0,49.451891772316195
1226,Viral Pneumonia-811,0,254,114.87105289650003,129.0,60.973046616572134
1227,Viral Pneumonia-622,0,243,133.10457377434255,143.0,75.09467984510293
1228,Viral Pneumonia-144,0,203,75.31263632397848,60.0,50.13264826499569
1229,Viral Pneumonia-150,0,195,122.09716893547052,127.0,41.66554310019468
1230,Viral Pneumonia-636,5,191,119.36839632666302,123.0,34.67076078345334
1231,Viral Pneumonia-178,0,255,131.242021901321,143.0,64.43548882165555
1232,Viral Pneumonia-385,9,202,107.74885068399682,108.0,55.17672537576167
1233,Viral Pneumonia-1215,0,246,104.52468093198063,116.0,46.82234779952195
1234,Viral Pneumonia-27,0,202,107.36630462746501,107.0,53.165584240316875
1235,Viral Pneumonia-33,0,214,134.77640071140144,155.0,57.764293827145195
1236,Viral Pneumonia-1201,0,255,167.11134103645372,184.0,59.48392685857607
1237,Viral Pneumonia-391,3,212,147.97998903815395,160.0,43.79693494287179
1238,Viral Pneumonia-1229,0,237,120.17939396651045,137.0,59.718455264419916
1239,Viral Pneumonia-346,9,216,131.72158029552241,146.0,46.08131046463711
1240,Viral Pneumonia-420,0,243,109.18925962796837,120.0,60.03826847587964
1241,Viral Pneumonia-434,0,255,127.88231675260903,149.0,64.70060221623504
1242,Viral Pneumonia-352,0,255,119.41142716524423,127.0,45.67376789522042
1243,Viral Pneumonia-408,1,223,146.91579512533417,157.0,40.371740208657684
1244,Viral Pneumonia-597,0,214,85.12234762474692,85.0,52.056371730664296
1245,Viral Pneumonia-583,0,255,141.11912618427087,161.0,69.0768022216037
1246,Viral Pneumonia-232,0,255,145.55155982595272,162.0,70.55559745429524
1247,Viral Pneumonia-554,0,255,123.20197760651448,139.0,65.95183011391205
1248,Viral Pneumonia-540,0,255,138.15203409357838,153.0,58.78316657147024
1249,Viral Pneumonia-226,0,206,126.82247402154339,141.0,47.76216176933685
1250,Viral Pneumonia-568,0,214,106.26565698370264,118.0,61.98557532596534
1251,Viral Pneumonia-795,0,217,150.9159629086923,163.0,42.92878614071378
1252,Viral Pneumonia-1163,0,255,129.867831456024,159.0,76.76699464433132
1253,Viral Pneumonia-1177,0,255,115.35068958960191,136.0,74.57379825532529
1254,Viral Pneumonia-959,0,255,138.61607811993156,141.0,47.29852532320202
1255,Viral Pneumonia-781,0,253,98.9727296115256,109.0,63.257000927117645
1256,Viral Pneumonia-971,0,211,136.54686189192515,158.0,48.57627437879821
1257,Viral Pneumonia-965,0,254,110.75221753671659,120.0,60.304335224495304
1258,Viral Pneumonia-756,0,255,147.15686625429245,164.0,57.09080101855807
1259,Viral Pneumonia-742,40,219,155.0933546604624,162.0,37.490446408470476
1260,Viral Pneumonia-1188,0,222,124.54355096699142,142.0,60.8163555777795
1261,Viral Pneumonia-768,0,162,70.54917730226731,67.0,35.91995634696483
1262,Viral Pneumonia-754,0,255,130.32739007393653,168.0,85.41797289707827
1263,Viral Pneumonia-998,1,216,143.8476750819342,157.0,42.30931714453167
1264,Viral Pneumonia-740,0,211,125.91328956051946,146.0,67.55934797183903
1265,Viral Pneumonia-973,0,255,117.67988053824901,134.0,63.2434874101943
1266,Viral Pneumonia-967,0,200,137.53047505061465,144.0,36.91158866232377
1267,Viral Pneumonia-1149,0,255,106.45942439122605,126.0,71.40101022585053
1268,Viral Pneumonia-1161,0,215,85.13273900739365,91.0,75.54255472197102
1269,Viral Pneumonia-797,0,215,113.42394380376058,128.0,53.83281883798889
1270,Viral Pneumonia-783,0,255,93.17349917786154,111.0,63.5865172390986
1271,Viral Pneumonia-1175,0,255,122.20074719522152,145.0,66.93420940954438
1272,Viral Pneumonia-218,0,255,129.76608762765517,147.0,65.3527503997748
1273,Viral Pneumonia-556,0,237,93.5301506694556,95.0,42.156128238908856
1274,Viral Pneumonia-230,0,223,128.66343776915247,145.0,69.89163610881397
1275,Viral Pneumonia-224,0,205,128.64035077907405,146.0,59.027772908213606
1276,Viral Pneumonia-542,0,255,127.61227503048065,143.0,56.474633087650766
1277,Viral Pneumonia-595,0,214,128.99668907506629,147.0,53.86091812584211
1278,Viral Pneumonia-581,0,225,143.23136206530128,162.0,48.70485925250974
1279,Viral Pneumonia-378,5,213,122.38391069451124,133.0,49.415757241585155
1280,Viral Pneumonia-422,0,240,163.05210232547734,182.0,52.218540354238115
1281,Viral Pneumonia-344,0,255,122.6654399838928,137.0,51.2809114044862
1282,Viral Pneumonia-350,0,247,121.70888468809073,136.0,49.67942504490328
1283,Viral Pneumonia-436,0,191,115.22814062482523,122.0,43.856440025702184
1284,Viral Pneumonia-19,14,254,156.22435990648873,167.0,38.59550375687614
1285,Viral Pneumonia-25,0,211,85.28368810192279,78.0,46.04885240338091
1286,Viral Pneumonia-1217,0,201,102.93742799297547,102.0,52.26257987295434
1287,Viral Pneumonia-387,0,251,158.09744857440074,178.0,70.48385245562392
1288,Viral Pneumonia-393,0,254,142.40344067739736,160.0,62.98943832426291
1289,Viral Pneumonia-1203,0,252,125.2945716490867,137.0,44.33052112918603
1290,Viral Pneumonia-31,0,203,73.50378631111509,57.0,53.1758171665362
1291,Viral Pneumonia-608,0,240,116.14816389078422,125.0,45.34474942717181
1292,Viral Pneumonia-146,0,203,79.11952886433038,73.0,40.53340624591464
1293,Viral Pneumonia-620,0,237,111.41724365499267,113.0,57.6755698638993
1294,Viral Pneumonia-634,0,255,123.41280298878088,128.0,47.46278558559915
1295,Viral Pneumonia-152,0,255,128.83471102112952,135.0,60.54120338633767
1296,Viral Pneumonia-1029,0,255,132.2607241529737,150.0,74.64943567475972
1297,Viral Pneumonia-807,0,255,99.73123343139339,115.0,50.6757826238606
1298,Viral Pneumonia-813,0,255,78.54277916354403,84.0,66.82052505695573
1299,Viral Pneumonia-185,0,240,145.97582801087236,166.0,59.36165924141797
1300,Viral Pneumonia-1015,0,255,94.02863502645384,91.0,51.02720629317943
1301,Viral Pneumonia-1001,0,227,166.23377814565833,184.0,46.452871906489364
1302,Viral Pneumonia-191,0,203,125.28947103499961,138.0,45.103680390352174
1303,Viral Pneumonia-190,0,254,141.43161709600562,150.0,58.456857166138825
1304,Viral Pneumonia-1000,0,255,122.93730495184617,133.0,64.1517888683852
1305,Viral Pneumonia-1014,0,255,151.54987080681425,165.0,50.411882559241114
1306,Viral Pneumonia-184,0,194,134.43140457041866,153.0,49.89492248259391
1307,Viral Pneumonia-812,0,222,125.49639265780024,138.0,62.87539715905575
1308,Viral Pneumonia-1028,0,255,115.18986364805762,125.0,66.55765169577023
1309,Viral Pneumonia-806,1,182,114.51790248431226,138.0,46.996861584501424
1310,Viral Pneumonia-635,1,190,107.93339000682319,106.0,44.79233015809299
1311,Viral Pneumonia-153,0,254,127.92709253811479,134.0,59.14911787245597
1312,Viral Pneumonia-147,0,220,140.9766445565486,160.0,56.97923525781836
1313,Viral Pneumonia-621,0,252,87.98346774644578,96.0,48.576730035779434
1314,Viral Pneumonia-609,0,249,106.61320343172895,110.0,43.05143419217492
1315,Viral Pneumonia-1202,0,248,110.28535474994686,124.0,61.795596396474515
1316,Viral Pneumonia-392,0,220,114.57767810203465,124.0,65.69415569710401
1317,Viral Pneumonia-30,3,253,137.4531940358609,154.0,54.84511325060772
1318,Viral Pneumonia-24,0,251,146.21626156306976,162.0,50.00034684043632
1319,Viral Pneumonia-386,0,207,110.13771658035145,123.0,62.640451458449654
1320,Viral Pneumonia-1216,0,252,108.4053422221228,113.0,66.25626029402103
1321,Viral Pneumonia-18,3,212,100.20128410196754,86.0,49.91197729487808
1322,Viral Pneumonia-351,0,246,84.15471862730843,82.0,44.06115926244157
1323,Viral Pneumonia-437,0,212,101.99980984552745,116.0,60.721151990784996
1324,Viral Pneumonia-423,0,255,133.06694555989307,146.0,55.96411685412619
1325,Viral Pneumonia-345,0,204,89.86506862339347,95.0,39.856075357578305
1326,Viral Pneumonia-379,0,255,145.6665026118276,163.0,67.12706420429139
1327,Viral Pneumonia-580,0,242,96.10420465095469,103.0,67.53845120636367
1328,Viral Pneumonia-594,1,217,133.53300298654378,158.0,56.107749168225524
1329,Viral Pneumonia-225,0,255,142.66366148029664,162.0,69.5364873170127
1330,Viral Pneumonia-543,0,254,149.29473943244483,164.0,63.05362121469654
1331,Viral Pneumonia-557,0,219,125.53002762832631,142.0,66.50598454130416
1332,Viral Pneumonia-231,0,255,141.654399838928,158.0,63.331066676248405
1333,Viral Pneumonia-219,0,255,122.98225970626727,146.0,73.57355363267308
1334,Viral Pneumonia-782,18,203,117.3875348150468,119.0,39.37405304464722
1335,Viral Pneumonia-1174,0,255,114.89603024574669,144.0,72.29791565903699
1336,Viral Pneumonia-1160,0,223,123.84273106564804,146.0,58.57080422915546
1337,Viral Pneumonia-796,32,237,179.00533551078848,191.0,34.78826723572549
1338,Viral Pneumonia-966,3,188,124.00061520564647,132.0,35.546020434837125
1339,Viral Pneumonia-1148,0,255,150.2345163924341,164.0,63.023964682205545
1340,Viral Pneumonia-972,2,199,108.73411930515319,106.0,51.81213261717774
1341,Viral Pneumonia-741,0,240,111.04088321159719,126.0,55.11188398825569
1342,Viral Pneumonia-999,0,240,126.1097303162157,133.0,47.19017437366131
1343,Viral Pneumonia-755,0,224,95.8181787675753,104.0,63.602133884997855
1344,Viral Pneumonia-769,0,255,105.37058869587588,115.0,57.795907855705806
